Death List Index,Title,Death List URL
0,A Bay of Blood,/wiki/A_Bay_of_Blood
1,A Blade in the Dark,/wiki/A_Blade_in_the_Dark
2,A Bucket Of Blood,/wiki/A_Bucket_Of_Blood
3,A Creepshow Animated Special,/wiki/A_Creepshow_Animated_Special
4,A Nightmare on Elm Street,/wiki/A_Nightmare_on_Elm_Street
5,A Quiet Place,/wiki/A_Quiet_Place
6,A Serbian Film,/wiki/A_Serbian_Film
7,A Trip to the Moon,/wiki/A_Trip_to_the_Moon
8,A.M.I,/wiki/A.M.I
9,A.N.T. Farm: Mutant Farm,/wiki/A.N.T._Farm:_Mutant_Farm
10,Aatank,/wiki/Aatank
11,Abbott and Costello Meet Frankenstein,/wiki/Abbott_and_Costello_Meet_Frankenstein
12,ABCs of Death,/wiki/ABCs_of_Death
13,Abominable,/wiki/Abominable
14,Abraham Lincoln vs Zombies,/wiki/Abraham_Lincoln_vs_Zombies
15,Absurd,/wiki/Absurd
16,Aftershock,/wiki/Aftershock
17,"Alice, Sweet Alice","/wiki/Alice,_Sweet_Alice"
18,Alien,/wiki/Alien
19,Alive (2020),/wiki/Alive_(2020)
20,All Through The House,/wiki/All_Through_The_House
21,Alligator X,/wiki/Alligator_X
22,Alone in the Dark,/wiki/Alone_in_the_Dark
23,Altered 2006,/wiki/Altered_2006
24,Alyce Kills,/wiki/Alyce_Kills
25,American Mary,/wiki/American_Mary
26,American Psycho,/wiki/American_Psycho
27,Amsterdamned,/wiki/Amsterdamned
28,Amusement,/wiki/Amusement
29,An American Werewolf,/wiki/An_American_Werewolf
30,Anaconda,/wiki/Anaconda
31,Anatomy,/wiki/Anatomy
32,And Then There Were None,/wiki/And_Then_There_Were_None
33,Animal,/wiki/Animal
34,Annihilation,/wiki/Annihilation
35,Anthropophagus,/wiki/Anthropophagus
36,Antichrist,/wiki/Antichrist
37,Apartment Trilogy (Roman Polanski),/wiki/Apartment_Trilogy_(Roman_Polanski)
38,Apocalypse Trilogy (John Carpenter),/wiki/Apocalypse_Trilogy_(John_Carpenter)
39,April Fool's Day (1986),/wiki/April_Fool%27s_Day_(1986)
40,April Fool's Day (2008),/wiki/April_Fool%27s_Day_(2008)
41,Aqua Teen Hunger Force,/wiki/Aqua_Teen_Hunger_Force
42,Aquarius,/wiki/Aquarius
43,Arachnophobia,/wiki/Arachnophobia
44,Are You Afraid of the Dark?,/wiki/Are_You_Afraid_of_the_Dark%3F
45,Area 51 (2015),/wiki/Area_51_(2015)
46,"As Above, So Below","/wiki/As_Above,_So_Below"
47,Ash vs Evil Dead,/wiki/Ash_vs_Evil_Dead
48,Assassination Nation,/wiki/Assassination_Nation
49,Assimilate,/wiki/Assimilate
50,Attack of the Crab Monsters,/wiki/Attack_of_the_Crab_Monsters
51,Attack of the Giant Leeches,/wiki/Attack_of_the_Giant_Leeches
52,Attack Of the Killer Donuts,/wiki/Attack_Of_the_Killer_Donuts
53,Attack of the Killer Tomatoes,/wiki/Attack_of_the_Killer_Tomatoes
54,Attack of the Sabretooth,/wiki/Attack_of_the_Sabretooth
55,Attack the Block,/wiki/Attack_the_Block
56,Axe Giant: The Wrath of Paul Bunyan,/wiki/Axe_Giant:_The_Wrath_of_Paul_Bunyan
57,Aztec Rex,/wiki/Aztec_Rex
58,Bad Blood,/wiki/Bad_Blood
59,Bad Dream,/wiki/Bad_Dream
60,Bad Meat,/wiki/Bad_Meat
61,Bad Moon,/wiki/Bad_Moon
62,Bad Reputation,/wiki/Bad_Reputation
63,Bad Taste,/wiki/Bad_Taste
64,Barn of the Blood Llama,/wiki/Barn_of_the_Blood_Llama
65,Basement Jack,/wiki/Basement_Jack
66,Basic Instinct,/wiki/Basic_Instinct
67,Basket Case,/wiki/Basket_Case
68,Beaks The Movie,/wiki/Beaks_The_Movie
69,Beetlejuice,/wiki/Beetlejuice
70,Berserker,/wiki/Berserker
71,Better Watch Out (2016),/wiki/Better_Watch_Out_(2016)
72,Bigfoot,/wiki/Bigfoot
73,Bird Box,/wiki/Bird_Box
74,Black Christmas,/wiki/Black_Christmas
75,Black Sheep,/wiki/Black_Sheep
76,Blade,/wiki/Blade
77,Blair Witch Project,/wiki/Blair_Witch_Project
78,Blood beach,/wiki/Blood_beach
79,Blood Feast,/wiki/Blood_Feast
80,Blood Harvest,/wiki/Blood_Harvest
81,Blood Quantum,/wiki/Blood_Quantum
82,Blood Rage,/wiki/Blood_Rage
83,Blood Surf,/wiki/Blood_Surf
84,Bloodrage,/wiki/Bloodrage
85,Bloody Birthday,/wiki/Bloody_Birthday
86,Bloody Bloody Bible Camp,/wiki/Bloody_Bloody_Bible_Camp
87,Bloody Moon,/wiki/Bloody_Moon
88,Bloody New Year,/wiki/Bloody_New_Year
89,Blue Ruin,/wiki/Blue_Ruin
90,Body Melt,/wiki/Body_Melt
91,Bone Eater,/wiki/Bone_Eater
92,Bones,/wiki/Bones
93,Boogeyman,/wiki/Boogeyman
94,Book of Monsters,/wiki/Book_of_Monsters
95,Brain Damage,/wiki/Brain_Damage
96,Brett Kavanaugh's Little Judicary Shop of Horrors,/wiki/Brett_Kavanaugh%27s_Little_Judicary_Shop_of_Horrors
97,Brightburn,/wiki/Brightburn
98,Brightburn Universe,/wiki/Brightburn_Universe
99,"BRUCE LEE vs Freddy, Jason, Leatherface & Michael Myers","/wiki/BRUCE_LEE_vs_Freddy,_Jason,_Leatherface_%26_Michael_Myers"
100,Bugs (2003),/wiki/Bugs_(2003)
101,Bunnyman (Series),/wiki/Bunnyman_(Series)
102,Cabin Fever,/wiki/Cabin_Fever
103,"Caltiki, the Immortal Monster","/wiki/Caltiki,_the_Immortal_Monster"
104,Candyman,/wiki/Candyman
105,Cannibal Campout,/wiki/Cannibal_Campout
106,Cargo,/wiki/Cargo
107,Carnage Counts Lego Intros,/wiki/Carnage_Counts_Lego_Intros
108,Carrie,/wiki/Carrie
109,Cell (2016),/wiki/Cell_(2016)
110,Chainsaw Maid,/wiki/Chainsaw_Maid
111,Chawz,/wiki/Chawz
112,Chernobyl Diaries,/wiki/Chernobyl_Diaries
113,Child's Play,/wiki/Child%27s_Play
114,Child's Play (2019),/wiki/Child%27s_Play_(2019)
115,Children of the Corn,/wiki/Children_of_the_Corn
116,Children Shouldn't Play with Dead Things,/wiki/Children_Shouldn%27t_Play_with_Dead_Things
117,Chopping Mall,/wiki/Chopping_Mall
118,Chorakhe,/wiki/Chorakhe
119,Christina's House,/wiki/Christina%27s_House
120,Christine,/wiki/Christine
121,Christmas Evil,/wiki/Christmas_Evil
122,Christmas With Cookie,/wiki/Christmas_With_Cookie
123,Chronicle,/wiki/Chronicle
124,Chucky vs Five Nights at Freddy's vs Toy Story,/wiki/Chucky_vs_Five_Nights_at_Freddy%27s_vs_Toy_Story
125,Circle (2015),/wiki/Circle_(2015)
126,Circus Kane,/wiki/Circus_Kane
127,City of Blood,/wiki/City_of_Blood
128,City of the Living Dead,/wiki/City_of_the_Living_Dead
129,Class of 1984/1999,/wiki/Class_of_1984/1999
130,Cloverfield,/wiki/Cloverfield
131,Clown,/wiki/Clown
132,Clown (2014),/wiki/Clown_(2014)
133,Clownado,/wiki/Clownado
134,Clownhouse,/wiki/Clownhouse
135,Come to Daddy,/wiki/Come_to_Daddy
136,Cooties,/wiki/Cooties
137,Copperhead,/wiki/Copperhead
138,Coraline,/wiki/Coraline
139,Corona Zombies,/wiki/Corona_Zombies
140,Corpse Party Tortured Souls,/wiki/Corpse_Party_Tortured_Souls
141,Countdown,/wiki/Countdown
142,Crawl,/wiki/Crawl
143,Creature 1985,/wiki/Creature_1985
144,Creep,/wiki/Creep
145,Creepshow,/wiki/Creepshow
146,Criminally Insane,/wiki/Criminally_Insane
147,Crimson Peak,/wiki/Crimson_Peak
148,Critters,/wiki/Critters
149,Crocodile Fury,/wiki/Crocodile_Fury
150,Cthulhu Mansion,/wiki/Cthulhu_Mansion
151,Cthulhu Mythos,/wiki/Cthulhu_Mythos
152,Cube,/wiki/Cube
153,Cujo,/wiki/Cujo
154,Cut and Run,/wiki/Cut_and_Run
155,Cutting Glass,/wiki/Cutting_Glass
156,Daddy's Girl,/wiki/Daddy%27s_Girl
157,Dahmer vs Gacy,/wiki/Dahmer_vs_Gacy
158,Dance of the Dead,/wiki/Dance_of_the_Dead
159,Dark Bottom (novel),/wiki/Dark_Bottom_(novel)
160,Dark Island,/wiki/Dark_Island
161,Dark Universe,/wiki/Dark_Universe
162,Dark Waters,/wiki/Dark_Waters
163,David Guetta - She Wolf (Falling To Pieces) ft. Sia,/wiki/David_Guetta_-_She_Wolf_(Falling_To_Pieces)_ft._Sia
164,Dawn of the Dead,/wiki/Dawn_of_the_Dead
165,Day of the Dead,/wiki/Day_of_the_Dead
166,Dead Alive/Braindead,/wiki/Dead_Alive/Braindead
167,Dead Heat,/wiki/Dead_Heat
168,Dead Meat,/wiki/Dead_Meat
169,Dead Meat Killcounts,/wiki/Dead_Meat_Killcounts
170,Dead Silence,/wiki/Dead_Silence
171,Dead Snow,/wiki/Dead_Snow
172,Dead Space Films,/wiki/Dead_Space_Films
173,Deadly Blessing,/wiki/Deadly_Blessing
174,Deadly Friend,/wiki/Deadly_Friend
175,Deat Heat,/wiki/Deat_Heat
176,Death Note (2017),/wiki/Death_Note_(2017)
177,Death Nurse,/wiki/Death_Nurse
178,Death Proof,/wiki/Death_Proof
179,Deep in the Woods,/wiki/Deep_in_the_Woods
180,Deep Red,/wiki/Deep_Red
181,Deep Rising,/wiki/Deep_Rising
182,Deform,/wiki/Deform
183,Deformed Gecko,/wiki/Deformed_Gecko
184,Deliverance,/wiki/Deliverance
185,Demonic Toys,/wiki/Demonic_Toys
186,Demons,/wiki/Demons
187,Detention,/wiki/Detention
188,Devil,/wiki/Devil
189,Devil Times Five,/wiki/Devil_Times_Five
190,Devilman,/wiki/Devilman
191,Disturbia,/wiki/Disturbia
192,Dog Soldiers,/wiki/Dog_Soldiers
193,Doghouse,/wiki/Doghouse
194,Don't Blink,/wiki/Don%27t_Blink
195,Don't Breathe,/wiki/Don%27t_Breathe
196,Don't Go In the House,/wiki/Don%27t_Go_In_the_House
197,Don't Go In The Woods,/wiki/Don%27t_Go_In_The_Woods
198,Don't Go To Sleep,/wiki/Don%27t_Go_To_Sleep
199,Don't Open Till Christmas,/wiki/Don%27t_Open_Till_Christmas
200,Donnie Darko,/wiki/Donnie_Darko
201,Doom Asylum,/wiki/Doom_Asylum
202,Downrage,/wiki/Downrage
203,Dracula,/wiki/Dracula
204,Dracula (Hammer),/wiki/Dracula_(Hammer)
205,Dracula (Wes Craven),/wiki/Dracula_(Wes_Craven)
206,Dracula 3D,/wiki/Dracula_3D
207,Drag Me to Hell,/wiki/Drag_Me_to_Hell
208,Dream Home,/wiki/Dream_Home
209,Dreamcatcher,/wiki/Dreamcatcher
210,Drive Thru,/wiki/Drive_Thru
211,Drive-In Massacre,/wiki/Drive-In_Massacre
212,Dying Breed,/wiki/Dying_Breed
213,Easter Casket,/wiki/Easter_Casket
214,Edge of the Axe,/wiki/Edge_of_the_Axe
215,Eight Legged Freaks,/wiki/Eight_Legged_Freaks
216,Eraserhead,/wiki/Eraserhead
217,Ernest Scared Stupid,/wiki/Ernest_Scared_Stupid
218,Event Horizon,/wiki/Event_Horizon
219,Evil Bong,/wiki/Evil_Bong
220,Evil Dead,/wiki/Evil_Dead
221,Evil Dead (2013),/wiki/Evil_Dead_(2013)
222,Evil Dead Trap,/wiki/Evil_Dead_Trap
223,Evil Ed,/wiki/Evil_Ed
224,Extracurricular,/wiki/Extracurricular
225,Faeriefamiliarfilms's Friday the 13th,/wiki/Faeriefamiliarfilms%27s_Friday_the_13th
226,Famine,/wiki/Famine
227,Fantasy Island,/wiki/Fantasy_Island
228,Fatal Games,/wiki/Fatal_Games
229,Fear The Walking Dead,/wiki/Fear_The_Walking_Dead
230,Feardotcom,/wiki/Feardotcom
231,Fiend Without a Face,/wiki/Fiend_Without_a_Face
232,Category:Film series,/wiki/Category:Film_series
233,Final Destination,/wiki/Final_Destination
234,Final Exam,/wiki/Final_Exam
235,Fire and Ice,/wiki/Fire_and_Ice
236,Firefly Trilogy (Rob Zombie),/wiki/Firefly_Trilogy_(Rob_Zombie)
237,Fist of Jesus,/wiki/Fist_of_Jesus
238,Five Nights at Freddy's vs Freddy Krueger,/wiki/Five_Nights_at_Freddy%27s_vs_Freddy_Krueger
239,Flight 666,/wiki/Flight_666
240,Flying Monkeys,/wiki/Flying_Monkeys
241,Food of the Gods,/wiki/Food_of_the_Gods
242,Frailty,/wiki/Frailty
243,Frankenhooker,/wiki/Frankenhooker
244,Frankenstein,/wiki/Frankenstein
245,Frankenstein (1931),/wiki/Frankenstein_(1931)
246,Freaky,/wiki/Freaky
247,Freddy Krueger vs Jason Voorhees Parody Animation,/wiki/Freddy_Krueger_vs_Jason_Voorhees_Parody_Animation
248,Freddy vs Jason vs Michael,/wiki/Freddy_vs_Jason_vs_Michael
249,Frenzy,/wiki/Frenzy
250,Friday the 13th,/wiki/Friday_the_13th
251,Friend Request,/wiki/Friend_Request
252,Fright Night,/wiki/Fright_Night
253,From Beyond,/wiki/From_Beyond
254,From Dusk Till Dawn,/wiki/From_Dusk_Till_Dawn
255,From Hell It Came,/wiki/From_Hell_It_Came
256,Frozen (2010),/wiki/Frozen_(2010)
257,Fun Size Horror,/wiki/Fun_Size_Horror
258,Funhouse,/wiki/Funhouse
259,Garden of Love,/wiki/Garden_of_Love
260,Garuda,/wiki/Garuda
261,Gates of Hell Trilogy (Lucio Fulci),/wiki/Gates_of_Hell_Trilogy_(Lucio_Fulci)
262,Geoshea's Creepypastas,/wiki/Geoshea%27s_Creepypastas
263,Get Out,/wiki/Get_Out
264,Ghost Burger,/wiki/Ghost_Burger
265,Ghost Shark,/wiki/Ghost_Shark
266,Ghost Shark 2: Urban Jaws,/wiki/Ghost_Shark_2:_Urban_Jaws
267,Ghost Ship,/wiki/Ghost_Ship
268,Ghostbusters,/wiki/Ghostbusters
269,Ghosthouse,/wiki/Ghosthouse
270,Ghoulies,/wiki/Ghoulies
271,Girls Nite Out,/wiki/Girls_Nite_Out
272,Godzilla,/wiki/Godzilla
273,Goosebumps (Films),/wiki/Goosebumps_(Films)
274,Graduation Day,/wiki/Graduation_Day
275,Graveyard Shift,/wiki/Graveyard_Shift
276,Gremlins,/wiki/Gremlins
277,Gretel and Hansel,/wiki/Gretel_and_Hansel
278,Grizzly,/wiki/Grizzly
279,Grotesque,/wiki/Grotesque
280,Gutterballs,/wiki/Gutterballs
281,Guyver,/wiki/Guyver
282,Halloween,/wiki/Halloween
283,Hambuster,/wiki/Hambuster
284,Hamlet,/wiki/Hamlet
285,Hannibal,/wiki/Hannibal
286,Happy Birthday To Me,/wiki/Happy_Birthday_To_Me
287,Happy Death Day,/wiki/Happy_Death_Day
288,Happy Tree Friends,/wiki/Happy_Tree_Friends
289,Happy Tree Friends in K . Vinsfox,/wiki/Happy_Tree_Friends_in_K_._Vinsfox
290,Happy Tree Friends in Nemao,/wiki/Happy_Tree_Friends_in_Nemao
291,Hatchet,/wiki/Hatchet
292,Haunt,/wiki/Haunt
293,Hausu,/wiki/Hausu
294,Hayride,/wiki/Hayride
295,HazMat,/wiki/HazMat
296,He Knows You're Alone,/wiki/He_Knows_You%27re_Alone
297,Headed Shark Attack,/wiki/Headed_Shark_Attack
298,Heebie Jeebies,/wiki/Heebie_Jeebies
299,Hell Fest,/wiki/Hell_Fest
300,Hellbent,/wiki/Hellbent
301,Hellraiser,/wiki/Hellraiser
302,Henry: Portrait of a Serial Killer,/wiki/Henry:_Portrait_of_a_Serial_Killer
303,Hereditary,/wiki/Hereditary
304,Hide and Go Shriek,/wiki/Hide_and_Go_Shriek
305,High Tension,/wiki/High_Tension
306,Highway 91,/wiki/Highway_91
307,Hobo With A Shotgun,/wiki/Hobo_With_A_Shotgun
308,Hocus Pocus,/wiki/Hocus_Pocus
309,Hollow Man,/wiki/Hollow_Man
310,Home,/wiki/Home
311,Home For The Holidays,/wiki/Home_For_The_Holidays
312,Home Sweet Home,/wiki/Home_Sweet_Home
313,Hostel,/wiki/Hostel
314,Hot Wheels Attack Pack The Movie,/wiki/Hot_Wheels_Attack_Pack_The_Movie
315,House,/wiki/House
316,House (1986),/wiki/House_(1986)
317,House of Wax,/wiki/House_of_Wax
318,House on Haunted Hill,/wiki/House_on_Haunted_Hill
319,Humanoids from the Deep,/wiki/Humanoids_from_the_Deep
320,Hush,/wiki/Hush
321,"Hush...Hush, Sweet Charlotte","/wiki/Hush...Hush,_Sweet_Charlotte"
322,Hydra,/wiki/Hydra
323,Hydra (2009),/wiki/Hydra_(2009)
324,I Am Legend,/wiki/I_Am_Legend
325,I Know What You Did Last Summer,/wiki/I_Know_What_You_Did_Last_Summer
326,I Spit On Your Grave,/wiki/I_Spit_On_Your_Grave
327,I've Been Waiting For You,/wiki/I%27ve_Been_Waiting_For_You
328,Ice Cream Man,/wiki/Ice_Cream_Man
329,Ice Road Terror,/wiki/Ice_Road_Terror
330,Idle Hands,/wiki/Idle_Hands
331,In the Mouth of Madness,/wiki/In_the_Mouth_of_Madness
332,In the Shadow of Kilimanjaro,/wiki/In_the_Shadow_of_Kilimanjaro
333,Inbred,/wiki/Inbred
334,Inferno (1980),/wiki/Inferno_(1980)
335,Inside (2007),/wiki/Inside_(2007)
336,Insidious,/wiki/Insidious
337,Intruder (1989),/wiki/Intruder_(1989)
338,It (1990's),/wiki/It_(1990%27s)
339,It (2017),/wiki/It_(2017)
340,It (film series),/wiki/It_(film_series)
341,It Conquered the World,/wiki/It_Conquered_the_World
342,It Follows,/wiki/It_Follows
343,It's Alive,/wiki/It%27s_Alive
344,Jack Brooks: Monster Slayer,/wiki/Jack_Brooks:_Monster_Slayer
345,Jack Frost,/wiki/Jack_Frost
346,Jacob,/wiki/Jacob
347,Jason Voorhees Personal Trailer,/wiki/Jason_Voorhees_Personal_Trailer
348,Jaws,/wiki/Jaws
349,Jeepers Creepers,/wiki/Jeepers_Creepers
350,Jennifer’s Body,/wiki/Jennifer%E2%80%99s_Body
351,Jersey Shore Shark Attack,/wiki/Jersey_Shore_Shark_Attack
352,Jigsaw,/wiki/Jigsaw
353,Jigsaw (2002),/wiki/Jigsaw_(2002)
354,Jolly Roger: Massacre at Cutter's Cove,/wiki/Jolly_Roger:_Massacre_at_Cutter%27s_Cove
355,Joy Ride,/wiki/Joy_Ride
356,Ju-On Series,/wiki/Ju-On_Series
357,Julia's Eyes,/wiki/Julia%27s_Eyes
358,Jurassic City,/wiki/Jurassic_City
359,Jurassic Park,/wiki/Jurassic_Park
360,Just Before Dawn,/wiki/Just_Before_Dawn
361,Kavra Animations,/wiki/Kavra_Animations
362,"Kill, Baby... Kill!","/wiki/Kill,_Baby..._Kill!"
363,Killer Beach/The Sand,/wiki/Killer_Beach/The_Sand
364,Killer Kart,/wiki/Killer_Kart
365,Killer Klowns from Outerspace,/wiki/Killer_Klowns_from_Outerspace
366,Killer Mermaid,/wiki/Killer_Mermaid
367,Killer Movie,/wiki/Killer_Movie
368,Killer Piñata,/wiki/Killer_Pi%C3%B1ata
369,Killer Sofa,/wiki/Killer_Sofa
370,Killing Spree,/wiki/Killing_Spree
371,King Kong,/wiki/King_Kong
372,Klown Kamp Massacre,/wiki/Klown_Kamp_Massacre
373,Komodo,/wiki/Komodo
374,Komodo (1999),/wiki/Komodo_(1999)
375,Krampus,/wiki/Krampus
376,Laid To Rest,/wiki/Laid_To_Rest
377,Laika Studio Animations,/wiki/Laika_Studio_Animations
378,Lake Placid,/wiki/Lake_Placid
379,Las Vegas Bloodbath,/wiki/Las_Vegas_Bloodbath
380,Last Words of Victims,/wiki/Last_Words_of_Victims
381,Lee Hardcastle Claymations,/wiki/Lee_Hardcastle_Claymations
382,Leprechaun,/wiki/Leprechaun
383,Let Us Prey,/wiki/Let_Us_Prey
384,Let’s Scare Jessica To Death,/wiki/Let%E2%80%99s_Scare_Jessica_To_Death
385,Light Blast,/wiki/Light_Blast
386,Lights Out,/wiki/Lights_Out
387,List of deaths by decapitation,/wiki/List_of_deaths_by_decapitation
388,Little Monsters,/wiki/Little_Monsters
389,Little Shop of Horrors,/wiki/Little_Shop_of_Horrors
390,Lone Wolf,/wiki/Lone_Wolf
391,Look Away,/wiki/Look_Away
392,Lumberjack Man,/wiki/Lumberjack_Man
393,Ma,/wiki/Ma
394,Ma (2019),/wiki/Ma_(2019)
395,Magic,/wiki/Magic
396,Mandrake,/wiki/Mandrake
397,Mandy,/wiki/Mandy
398,Maniac,/wiki/Maniac
399,Maniac Cop,/wiki/Maniac_Cop
400,Mansquito,/wiki/Mansquito
401,Mars Attacks!,/wiki/Mars_Attacks!
402,Martin,/wiki/Martin
403,Massage Parlor of Death,/wiki/Massage_Parlor_of_Death
404,Maximum Overdrive,/wiki/Maximum_Overdrive
405,May,/wiki/May
406,Mayhem,/wiki/Mayhem
407,Megalodon 2002,/wiki/Megalodon_2002
408,Metamorphosis The Alien Factor,/wiki/Metamorphosis_The_Alien_Factor
409,Michael Myers: The Blackest Eyes,/wiki/Michael_Myers:_The_Blackest_Eyes
410,Michael vs Jason: Evil Emerges,/wiki/Michael_vs_Jason:_Evil_Emerges
411,Microwave Massacre,/wiki/Microwave_Massacre
412,Midsommar,/wiki/Midsommar
413,Mikey,/wiki/Mikey
414,Million Dollar Crocodile,/wiki/Million_Dollar_Crocodile
415,Mindhunters,/wiki/Mindhunters
416,Minotaur,/wiki/Minotaur
417,Mirrors,/wiki/Mirrors
418,Misery (1990),/wiki/Misery_(1990)
419,Mom and Dad,/wiki/Mom_and_Dad
420,Monster,/wiki/Monster
421,Monster House,/wiki/Monster_House
422,Monster Makers,/wiki/Monster_Makers
423,MonsterVerse,/wiki/MonsterVerse
424,Mordeo,/wiki/Mordeo
425,Most Likely to Die,/wiki/Most_Likely_to_Die
426,Motel Hell,/wiki/Motel_Hell
427,Mother's Day,/wiki/Mother%27s_Day
428,Mothman,/wiki/Mothman
429,Mountaintop Motel Massacre,/wiki/Mountaintop_Motel_Massacre
430,Ms .45,/wiki/Ms_.45
431,Murder Party,/wiki/Murder_Party
432,Murderock,/wiki/Murderock
433,Mutant Aliens,/wiki/Mutant_Aliens
434,My Bloody Valentine,/wiki/My_Bloody_Valentine
435,My Little Eye,/wiki/My_Little_Eye
436,My Soul to Take,/wiki/My_Soul_to_Take
437,Nail Gun Massacre,/wiki/Nail_Gun_Massacre
438,Neighbor,/wiki/Neighbor
439,Neil Gorsuch's Little Judicary Shop of Horrors,/wiki/Neil_Gorsuch%27s_Little_Judicary_Shop_of_Horrors
440,Never Hike Alone,/wiki/Never_Hike_Alone
441,New Year's Evil,/wiki/New_Year%27s_Evil
442,Next of Kin,/wiki/Next_of_Kin
443,Night of the Creeps,/wiki/Night_of_the_Creeps
444,Night of the Demons,/wiki/Night_of_the_Demons
445,Night of the Lepus,/wiki/Night_of_the_Lepus
446,Night of the Living Dead (1968),/wiki/Night_of_the_Living_Dead_(1968)
447,Nightmare,/wiki/Nightmare
448,Nobody Sleeps in the Woods Tonight,/wiki/Nobody_Sleeps_in_the_Woods_Tonight
449,Noroi: The Curse,/wiki/Noroi:_The_Curse
450,Nurse 3D,/wiki/Nurse_3D
451,Office,/wiki/Office
452,Office Killer,/wiki/Office_Killer
453,Ogre,/wiki/Ogre
454,One Missed Call (American),/wiki/One_Missed_Call_(American)
455,One Missed Call Trilogy,/wiki/One_Missed_Call_Trilogy
456,Opera,/wiki/Opera
457,Orca: The Killer Whale,/wiki/Orca:_The_Killer_Whale
458,Orgasmo,/wiki/Orgasmo
459,Orphan,/wiki/Orphan
460,Otis,/wiki/Otis
461,Outside In,/wiki/Outside_In
462,Pacific Rim,/wiki/Pacific_Rim
463,Paganini Horror,/wiki/Paganini_Horror
464,Paranormal Activity,/wiki/Paranormal_Activity
465,Parasyte,/wiki/Parasyte
466,Parents,/wiki/Parents
467,Patrick,/wiki/Patrick
468,Peeping Tom,/wiki/Peeping_Tom
469,Perfect Stranger,/wiki/Perfect_Stranger
470,Pet Semetary,/wiki/Pet_Semetary
471,Phantasm,/wiki/Phantasm
472,Phantom of the Paradise,/wiki/Phantom_of_the_Paradise
473,Phantom Racer,/wiki/Phantom_Racer
474,Phase IV,/wiki/Phase_IV
475,Phenomena,/wiki/Phenomena
476,Pieces,/wiki/Pieces
477,Pilgrim,/wiki/Pilgrim
478,Piranha Sharks,/wiki/Piranha_Sharks
479,Polaroid,/wiki/Polaroid
480,Poltergeist,/wiki/Poltergeist
481,Pool Party Massacre,/wiki/Pool_Party_Massacre
482,Porno Holocaust,/wiki/Porno_Holocaust
483,Poultrygeist: Night of the Chicken Dead,/wiki/Poultrygeist:_Night_of_the_Chicken_Dead
484,Predator,/wiki/Predator
485,President's Day,/wiki/President%27s_Day
486,Prince of Darkness,/wiki/Prince_of_Darkness
487,Prometheus,/wiki/Prometheus
488,Prophecy,/wiki/Prophecy
489,Proteus,/wiki/Proteus
490,Psycho,/wiki/Psycho
491,Puppet Master,/wiki/Puppet_Master
492,Quarantine,/wiki/Quarantine
493,Rabid,/wiki/Rabid
494,Rattlers,/wiki/Rattlers
495,RawHead Rex,/wiki/RawHead_Rex
496,Razorback,/wiki/Razorback
497,Re-Animator,/wiki/Re-Animator
498,Ready or Not,/wiki/Ready_or_Not
499,REC,/wiki/REC
500,Reptilicus,/wiki/Reptilicus
501,Reptisaurus,/wiki/Reptisaurus
502,Repulsion,/wiki/Repulsion
503,Resident Evil,/wiki/Resident_Evil
504,Return of the Living Dead,/wiki/Return_of_the_Living_Dead
505,Richard III,/wiki/Richard_III
506,Ringu,/wiki/Ringu
507,Rituals,/wiki/Rituals
508,Rogue,/wiki/Rogue
509,Rosemary's Baby,/wiki/Rosemary%27s_Baby
510,Rottweiler,/wiki/Rottweiler
511,Rubber,/wiki/Rubber
512,Sadako vs Kayako,/wiki/Sadako_vs_Kayako
513,Sand Sharks,/wiki/Sand_Sharks
514,Santa Jaws,/wiki/Santa_Jaws
515,Santa Sangre,/wiki/Santa_Sangre
516,Santa's Slay,/wiki/Santa%27s_Slay
517,Sasquatch Hunters,/wiki/Sasquatch_Hunters
518,Satan's Little Helper,/wiki/Satan%27s_Little_Helper
519,Saturday the 14th,/wiki/Saturday_the_14th
520,Sausage Party,/wiki/Sausage_Party
521,Saw,/wiki/Saw
522,Scanners,/wiki/Scanners
523,Scarecrows,/wiki/Scarecrows
524,Scared Stiff,/wiki/Scared_Stiff
525,Scary Movie (Film Series),/wiki/Scary_Movie_(Film_Series)
526,Scary Stories To Tell In The Dark,/wiki/Scary_Stories_To_Tell_In_The_Dark
527,Schizo,/wiki/Schizo
528,Scooby Doo,/wiki/Scooby_Doo
529,Scooby Doo 2: Monsters Unleashed,/wiki/Scooby_Doo_2:_Monsters_Unleashed
530,Scout's Guide to the Zombie Apocalypse,/wiki/Scout%27s_Guide_to_the_Zombie_Apocalypse
531,Scream (Film Series),/wiki/Scream_(Film_Series)
532,Scream (TV series),/wiki/Scream_(TV_series)
533,Se7en,/wiki/Se7en
534,Secret Window,/wiki/Secret_Window
535,See No Evil,/wiki/See_No_Evil
536,Serial Killing 101,/wiki/Serial_Killing_101
537,Serial Mom,/wiki/Serial_Mom
538,Seven Psychopaths,/wiki/Seven_Psychopaths
539,Shadows of the Dead,/wiki/Shadows_of_the_Dead
540,Shapeshifter,/wiki/Shapeshifter
541,Shark Hunter,/wiki/Shark_Hunter
542,Shark Lake,/wiki/Shark_Lake
543,Shark Movies,/wiki/Shark_Movies
544,Shark Night,/wiki/Shark_Night
545,Sharknado,/wiki/Sharknado
546,Sharktopus,/wiki/Sharktopus
547,Shaun of the Dead,/wiki/Shaun_of_the_Dead
548,Shion Sonozaki's Unquenchable Blood Lust,/wiki/Shion_Sonozaki%27s_Unquenchable_Blood_Lust
549,Shirley,/wiki/Shirley
550,Shock Waves,/wiki/Shock_Waves
551,Shocker,/wiki/Shocker
552,Shredder,/wiki/Shredder
553,Shriek If You Know What I Did Last Friday the 13th,/wiki/Shriek_If_You_Know_What_I_Did_Last_Friday_the_13th
554,Silent Hill,/wiki/Silent_Hill
555,Silent Hill (films),/wiki/Silent_Hill_(films)
556,Silent Night,/wiki/Silent_Night
557,"Silent Night, Bloody Night","/wiki/Silent_Night,_Bloody_Night"
558,"Silent Night, Deadly Night","/wiki/Silent_Night,_Deadly_Night"
559,Silver Bullet,/wiki/Silver_Bullet
560,Sinister,/wiki/Sinister
561,Skeleton Man,/wiki/Skeleton_Man
562,Slaughter High,/wiki/Slaughter_High
563,Sleepaway Camp,/wiki/Sleepaway_Camp
564,Slender Man (film),/wiki/Slender_Man_(film)
565,Slime City,/wiki/Slime_City
566,Slither,/wiki/Slither
567,Slumber Party Massacre,/wiki/Slumber_Party_Massacre
568,Small Soldiers,/wiki/Small_Soldiers
569,Smiley,/wiki/Smiley
570,Snakes on a Train,/wiki/Snakes_on_a_Train
571,Snatchers,/wiki/Snatchers
572,Society,/wiki/Society
573,Some Guy Who Kills People,/wiki/Some_Guy_Who_Kills_People
574,Somebody Help Me,/wiki/Somebody_Help_Me
575,Sorority House Massacre,/wiki/Sorority_House_Massacre
576,Sorority Party Massacre,/wiki/Sorority_Party_Massacre
577,Sorority Row,/wiki/Sorority_Row
578,Species,/wiki/Species
579,Splinter,/wiki/Splinter
580,Spooky Buddies,/wiki/Spooky_Buddies
581,Squidbillies,/wiki/Squidbillies
582,Sssssss,/wiki/Sssssss
583,Stage Fright,/wiki/Stage_Fright
584,Stan Helsing,/wiki/Stan_Helsing
585,Stay Alive,/wiki/Stay_Alive
586,Stereo,/wiki/Stereo
587,Stitches,/wiki/Stitches
588,Stoker,/wiki/Stoker
589,Stranger Things,/wiki/Stranger_Things
590,Straw Dogs,/wiki/Straw_Dogs
591,Street Trash,/wiki/Street_Trash
592,Stroker,/wiki/Stroker
593,Student Bodies,/wiki/Student_Bodies
594,Suburban Sasquatch,/wiki/Suburban_Sasquatch
595,Sunny Family Cult,/wiki/Sunny_Family_Cult
596,Super 8,/wiki/Super_8
597,Super Shark,/wiki/Super_Shark
598,Suspiria,/wiki/Suspiria
599,Swamp Ape,/wiki/Swamp_Ape
600,Swamp Shark,/wiki/Swamp_Shark
601,Sweeney Todd: The Demon Barber of Fleet Street,/wiki/Sweeney_Todd:_The_Demon_Barber_of_Fleet_Street
602,Takena Claymotions,/wiki/Takena_Claymotions
603,Tales From the Cryptkeeper,/wiki/Tales_From_the_Cryptkeeper
604,Tales from the Hood,/wiki/Tales_from_the_Hood
605,Tales of Halloween,/wiki/Tales_of_Halloween
606,Tasmanian Devils 2013,/wiki/Tasmanian_Devils_2013
607,Tell Me How I Die,/wiki/Tell_Me_How_I_Die
608,Tenebrae,/wiki/Tenebrae
609,Terrifier,/wiki/Terrifier
610,Terror Toons,/wiki/Terror_Toons
611,Terror Train,/wiki/Terror_Train
612,TerrorVision,/wiki/TerrorVision
613,Tetsuo: The Iron Man,/wiki/Tetsuo:_The_Iron_Man
614,ThanksKilling,/wiki/ThanksKilling
615,The Amazing World of Gumball: The Grudge,/wiki/The_Amazing_World_of_Gumball:_The_Grudge
616,The Amityville Horror,/wiki/The_Amityville_Horror
617,The Autopsy of Jane Doe,/wiki/The_Autopsy_of_Jane_Doe
618,The Babadook,/wiki/The_Babadook
619,The Babysitter,/wiki/The_Babysitter
620,The Babysitter (2017),/wiki/The_Babysitter_(2017)
621,The Babysitter: Killer Queen,/wiki/The_Babysitter:_Killer_Queen
622,The Banana Splits Movie,/wiki/The_Banana_Splits_Movie
623,The Beast of Hollow Mountain,/wiki/The_Beast_of_Hollow_Mountain
624,The Being,/wiki/The_Being
625,The Belko Experiment,/wiki/The_Belko_Experiment
626,The Beyond,/wiki/The_Beyond
627,The Bird with the Crystal Plumage,/wiki/The_Bird_with_the_Crystal_Plumage
628,The Birds,/wiki/The_Birds
629,The Blackout,/wiki/The_Blackout
630,The Blob,/wiki/The_Blob
631,The Blob (1988),/wiki/The_Blob_(1988)
632,The Bone Snatcher,/wiki/The_Bone_Snatcher
633,The Boneyard,/wiki/The_Boneyard
634,The Burning,/wiki/The_Burning
635,The Butchers,/wiki/The_Butchers
636,The Cabin In the Woods,/wiki/The_Cabin_In_the_Woods
637,The Car,/wiki/The_Car
638,The Changeling,/wiki/The_Changeling
639,The Children,/wiki/The_Children
640,The Church,/wiki/The_Church
641,The Collection,/wiki/The_Collection
642,The Comeback,/wiki/The_Comeback
643,The Conjuring Universe,/wiki/The_Conjuring_Universe
644,The Crazies,/wiki/The_Crazies
645,The Darkest Hour,/wiki/The_Darkest_Hour
646,The Dead Don’t Die,/wiki/The_Dead_Don%E2%80%99t_Die
647,The Dead Zone,/wiki/The_Dead_Zone
648,The Deadly Spawn,/wiki/The_Deadly_Spawn
649,The Dentist,/wiki/The_Dentist
650,The Depression Trilogy,/wiki/The_Depression_Trilogy
651,The Descent,/wiki/The_Descent
652,The Evil Dead (Film Series),/wiki/The_Evil_Dead_(Film_Series)
653,The Execution of Mary Stuart,/wiki/The_Execution_of_Mary_Stuart
654,The Exorcist,/wiki/The_Exorcist
655,The Experiment,/wiki/The_Experiment
656,The First Power,/wiki/The_First_Power
657,The Fly,/wiki/The_Fly
658,The Fly (Remake Series),/wiki/The_Fly_(Remake_Series)
659,The Fog,/wiki/The_Fog
660,The Forsaken,/wiki/The_Forsaken
661,The Frighteners,/wiki/The_Frighteners
662,The Funhouse,/wiki/The_Funhouse
663,The Giant Spider Invasion,/wiki/The_Giant_Spider_Invasion
664,The Gingerdead Man,/wiki/The_Gingerdead_Man
665,The Girl Next Door (2007),/wiki/The_Girl_Next_Door_(2007)
666,The Green Inferno,/wiki/The_Green_Inferno
667,The Grudge,/wiki/The_Grudge
668,The Hand (1981),/wiki/The_Hand_(1981)
669,The Hand That Rocks The Cradle,/wiki/The_Hand_That_Rocks_The_Cradle
670,The Happening,/wiki/The_Happening
671,The Happytime Murders,/wiki/The_Happytime_Murders
672,The Hills Have Eyes,/wiki/The_Hills_Have_Eyes
673,The Hills Run Red,/wiki/The_Hills_Run_Red
674,The Hole (2001),/wiki/The_Hole_(2001)
675,The House by the Cemetery,/wiki/The_House_by_the_Cemetery
676,The House on Sorority Row,/wiki/The_House_on_Sorority_Row
677,The House on Sorority Row (Series),/wiki/The_House_on_Sorority_Row_(Series)
678,The Howling,/wiki/The_Howling
679,The Human Centipede,/wiki/The_Human_Centipede
680,The Hunger,/wiki/The_Hunger
681,The Hunt,/wiki/The_Hunt
682,The Incredible Melting Man,/wiki/The_Incredible_Melting_Man
683,The Incredibly Strange Creatures Who Stopped Living and Became Mixed-Up Zombies,/wiki/The_Incredibly_Strange_Creatures_Who_Stopped_Living_and_Became_Mixed-Up_Zombies
684,The Invisible Man (1933),/wiki/The_Invisible_Man_(1933)
685,The Invisible Man (2020),/wiki/The_Invisible_Man_(2020)
686,The Invisible Man (Series),/wiki/The_Invisible_Man_(Series)
687,The Invitation,/wiki/The_Invitation
688,The Jurassic Games,/wiki/The_Jurassic_Games
689,The Killer Shrews,/wiki/The_Killer_Shrews
690,The Last House on the Left,/wiki/The_Last_House_on_the_Left
691,The Lawnmower Man,/wiki/The_Lawnmower_Man
692,The Lighthouse,/wiki/The_Lighthouse
693,The Lost Boys,/wiki/The_Lost_Boys
694,The Meg,/wiki/The_Meg
695,The Mist,/wiki/The_Mist
696,The Monster,/wiki/The_Monster
697,The Monster Squad,/wiki/The_Monster_Squad
698,The Mother of Tears,/wiki/The_Mother_of_Tears
699,The Mummy,/wiki/The_Mummy
700,The Mummy (2017),/wiki/The_Mummy_(2017)
701,The Mummy (Stephen Sommers),/wiki/The_Mummy_(Stephen_Sommers)
702,The Mutilator,/wiki/The_Mutilator
703,The New York Ripper,/wiki/The_New_York_Ripper
704,The Night Before Halloween,/wiki/The_Night_Before_Halloween
705,The Night Brings Charlie,/wiki/The_Night_Brings_Charlie
706,The Night Evelyn Came Out of the Grave,/wiki/The_Night_Evelyn_Came_Out_of_the_Grave
707,The Nun,/wiki/The_Nun
708,The Omen,/wiki/The_Omen
709,The Ouija Experiment,/wiki/The_Ouija_Experiment
710,The Possession of Hannah Grace,/wiki/The_Possession_of_Hannah_Grace
711,The Poughkeepsie Tapes (2007),/wiki/The_Poughkeepsie_Tapes_(2007)
712,The Prowler,/wiki/The_Prowler
713,The Purge,/wiki/The_Purge
714,The Quiet Room,/wiki/The_Quiet_Room
715,The Red Queen Kills 7 Times,/wiki/The_Red_Queen_Kills_7_Times
716,The Refrigerator,/wiki/The_Refrigerator
717,The Ring,/wiki/The_Ring
718,The Rocky Horror Picture Show,/wiki/The_Rocky_Horror_Picture_Show
719,The Rocky Horror Picture Show (2016),/wiki/The_Rocky_Horror_Picture_Show_(2016)
720,The Ruins,/wiki/The_Ruins
721,The Sand,/wiki/The_Sand
722,The Serpent and the Rainbow,/wiki/The_Serpent_and_the_Rainbow
723,The She-Creature,/wiki/The_She-Creature
724,The Shining (1980),/wiki/The_Shining_(1980)
725,The Sixth Sense (1999),/wiki/The_Sixth_Sense_(1999)
726,The Slumber Party Massacre,/wiki/The_Slumber_Party_Massacre
727,The Snowman,/wiki/The_Snowman
728,The Spiral Staircase,/wiki/The_Spiral_Staircase
729,The Stepfather,/wiki/The_Stepfather
730,The Strangers,/wiki/The_Strangers
731,The Strangers: Prey at Night,/wiki/The_Strangers:_Prey_at_Night
732,The Stuff,/wiki/The_Stuff
733,The Tenant,/wiki/The_Tenant
734,The Texas Chainsaw Massacre,/wiki/The_Texas_Chainsaw_Massacre
735,The Thing,/wiki/The_Thing
736,The Thing (1982),/wiki/The_Thing_(1982)
737,The Three Mothers Trilogy (Dario Argento),/wiki/The_Three_Mothers_Trilogy_(Dario_Argento)
738,The Town That Dreaded Sundown (1976),/wiki/The_Town_That_Dreaded_Sundown_(1976)
739,The Toxic Avenger,/wiki/The_Toxic_Avenger
740,The Video Dead,/wiki/The_Video_Dead
741,The Visit,/wiki/The_Visit
742,The Void,/wiki/The_Void
743,The Walking Dead,/wiki/The_Walking_Dead
744,The Walking Dead: Webisodes,/wiki/The_Walking_Dead:_Webisodes
745,The Walking Dead: World Beyond,/wiki/The_Walking_Dead:_World_Beyond
746,The Witch,/wiki/The_Witch
747,The World's End,/wiki/The_World%27s_End
748,The Zero Boys,/wiki/The_Zero_Boys
749,They Live,/wiki/They_Live
750,Thirst 2015,/wiki/Thirst_2015
751,This is the End,/wiki/This_is_the_End
752,Thomas the Tank Engine Shed 17,/wiki/Thomas_the_Tank_Engine_Shed_17
753,Tokyo Gore Police,/wiki/Tokyo_Gore_Police
754,Too Many Cooks,/wiki/Too_Many_Cooks
755,Torso,/wiki/Torso
756,Tourist Trap,/wiki/Tourist_Trap
757,Toy Story of Terror,/wiki/Toy_Story_of_Terror
758,Train to Busan,/wiki/Train_to_Busan
759,Treevenge,/wiki/Treevenge
760,Tremors,/wiki/Tremors
761,Triassic Attack,/wiki/Triassic_Attack
762,Triassic World,/wiki/Triassic_World
763,Trick r' Treat,/wiki/Trick_r%27_Treat
764,Trog 1970,/wiki/Trog_1970
765,Trucks,/wiki/Trucks
766,Truth or Dare,/wiki/Truth_or_Dare
767,Tucker and Dale vs Evil,/wiki/Tucker_and_Dale_vs_Evil
768,Two Thousand Maniacs,/wiki/Two_Thousand_Maniacs
769,Uglyface,/wiki/Uglyface
770,Uncharted,/wiki/Uncharted
771,Uncle Sam,/wiki/Uncle_Sam
772,Underworld,/wiki/Underworld
773,Unearthed,/wiki/Unearthed
774,Unfriended,/wiki/Unfriended
775,Unhinged,/wiki/Unhinged
776,Unmasked Part 25,/wiki/Unmasked_Part_25
777,Unnatural,/wiki/Unnatural
778,Upgrade,/wiki/Upgrade
779,Urban Legend,/wiki/Urban_Legend
780,Us,/wiki/Us
781,V/H/S,/wiki/V/H/S
782,Valentine,/wiki/Valentine
783,Vampire Girl vs Frankenstein Girl,/wiki/Vampire_Girl_vs_Frankenstein_Girl
784,Vampires vs. Zombies,/wiki/Vampires_vs._Zombies
785,Van Helsing,/wiki/Van_Helsing
786,Velvet Buzzsaw,/wiki/Velvet_Buzzsaw
787,Videodrome,/wiki/Videodrome
788,Vile,/wiki/Vile
789,Village of the Damned,/wiki/Village_of_the_Damned
790,Visiting Hours,/wiki/Visiting_Hours
791,Viy,/wiki/Viy
792,Xtro,/wiki/Xtro
793,You're Next,/wiki/You%27re_Next
794,Zodiac,/wiki/Zodiac
795,Zombeavers,/wiki/Zombeavers
796,Zombie,/wiki/Zombie
797,Zombie in a Penguin Suit,/wiki/Zombie_in_a_Penguin_Suit
798,Zombie Movies,/wiki/Zombie_Movies
799,Zombie Shark,/wiki/Zombie_Shark
800,Zombie Tidal Wave,/wiki/Zombie_Tidal_Wave
801,Zombieland,/wiki/Zombieland
802,Zombies of Mass Destruction,/wiki/Zombies_of_Mass_Destruction
803,Zoombies,/wiki/Zoombies
804,Otis,/wiki/Otis
805,Outside In,/wiki/Outside_In
806,Pacific Rim,/wiki/Pacific_Rim
807,Paganini Horror,/wiki/Paganini_Horror
808,Paranormal Activity,/wiki/Paranormal_Activity
809,Parasyte,/wiki/Parasyte
810,Parents,/wiki/Parents
811,Patrick,/wiki/Patrick
812,Peeping Tom,/wiki/Peeping_Tom
813,Perfect Stranger,/wiki/Perfect_Stranger
814,Pet Semetary,/wiki/Pet_Semetary
815,Phantasm,/wiki/Phantasm
816,Phantom of the Paradise,/wiki/Phantom_of_the_Paradise
817,Phantom Racer,/wiki/Phantom_Racer
818,Phase IV,/wiki/Phase_IV
819,Phenomena,/wiki/Phenomena
820,Pieces,/wiki/Pieces
821,Pilgrim,/wiki/Pilgrim
822,Piranha Sharks,/wiki/Piranha_Sharks
823,Polaroid,/wiki/Polaroid
824,Poltergeist,/wiki/Poltergeist
825,Pool Party Massacre,/wiki/Pool_Party_Massacre
826,Porno Holocaust,/wiki/Porno_Holocaust
827,Poultrygeist: Night of the Chicken Dead,/wiki/Poultrygeist:_Night_of_the_Chicken_Dead
828,Predator,/wiki/Predator
829,President's Day,/wiki/President%27s_Day
830,Prince of Darkness,/wiki/Prince_of_Darkness
831,Prometheus,/wiki/Prometheus
832,Prophecy,/wiki/Prophecy
833,Proteus,/wiki/Proteus
834,Psycho,/wiki/Psycho
835,Puppet Master,/wiki/Puppet_Master
836,Quarantine,/wiki/Quarantine
837,Rabid,/wiki/Rabid
838,Rattlers,/wiki/Rattlers
839,RawHead Rex,/wiki/RawHead_Rex
840,Razorback,/wiki/Razorback
841,Re-Animator,/wiki/Re-Animator
842,Ready or Not,/wiki/Ready_or_Not
843,REC,/wiki/REC
844,Reptilicus,/wiki/Reptilicus
845,Reptisaurus,/wiki/Reptisaurus
846,Repulsion,/wiki/Repulsion
847,Resident Evil,/wiki/Resident_Evil
848,Return of the Living Dead,/wiki/Return_of_the_Living_Dead
849,Richard III,/wiki/Richard_III
850,Ringu,/wiki/Ringu
851,Rituals,/wiki/Rituals
852,Rogue,/wiki/Rogue
853,Rosemary's Baby,/wiki/Rosemary%27s_Baby
854,Rottweiler,/wiki/Rottweiler
855,Rubber,/wiki/Rubber
856,Sadako vs Kayako,/wiki/Sadako_vs_Kayako
857,Sand Sharks,/wiki/Sand_Sharks
858,Santa Jaws,/wiki/Santa_Jaws
859,Santa Sangre,/wiki/Santa_Sangre
860,Santa's Slay,/wiki/Santa%27s_Slay
861,Sasquatch Hunters,/wiki/Sasquatch_Hunters
862,Satan's Little Helper,/wiki/Satan%27s_Little_Helper
863,Saturday the 14th,/wiki/Saturday_the_14th
864,Sausage Party,/wiki/Sausage_Party
865,Saw,/wiki/Saw
866,Scanners,/wiki/Scanners
867,Scarecrows,/wiki/Scarecrows
868,Scared Stiff,/wiki/Scared_Stiff
869,Scary Movie (Film Series),/wiki/Scary_Movie_(Film_Series)
870,Scary Stories To Tell In The Dark,/wiki/Scary_Stories_To_Tell_In_The_Dark
871,Schizo,/wiki/Schizo
872,Scooby Doo,/wiki/Scooby_Doo
873,Scooby Doo 2: Monsters Unleashed,/wiki/Scooby_Doo_2:_Monsters_Unleashed
874,Scout's Guide to the Zombie Apocalypse,/wiki/Scout%27s_Guide_to_the_Zombie_Apocalypse
875,Scream (Film Series),/wiki/Scream_(Film_Series)
876,Scream (TV series),/wiki/Scream_(TV_series)
877,Se7en,/wiki/Se7en
878,Secret Window,/wiki/Secret_Window
879,See No Evil,/wiki/See_No_Evil
880,Serial Killing 101,/wiki/Serial_Killing_101
881,Serial Mom,/wiki/Serial_Mom
882,Seven Psychopaths,/wiki/Seven_Psychopaths
883,Shadows of the Dead,/wiki/Shadows_of_the_Dead
884,Shapeshifter,/wiki/Shapeshifter
885,Shark Hunter,/wiki/Shark_Hunter
886,Shark Lake,/wiki/Shark_Lake
887,Shark Movies,/wiki/Shark_Movies
888,Shark Night,/wiki/Shark_Night
889,Sharknado,/wiki/Sharknado
890,Sharktopus,/wiki/Sharktopus
891,Shaun of the Dead,/wiki/Shaun_of_the_Dead
892,Shion Sonozaki's Unquenchable Blood Lust,/wiki/Shion_Sonozaki%27s_Unquenchable_Blood_Lust
893,Shirley,/wiki/Shirley
894,Shock Waves,/wiki/Shock_Waves
895,Shocker,/wiki/Shocker
896,Shredder,/wiki/Shredder
897,Shriek If You Know What I Did Last Friday the 13th,/wiki/Shriek_If_You_Know_What_I_Did_Last_Friday_the_13th
898,Silent Hill,/wiki/Silent_Hill
899,Silent Hill (films),/wiki/Silent_Hill_(films)
900,Silent Night,/wiki/Silent_Night
901,"Silent Night, Bloody Night","/wiki/Silent_Night,_Bloody_Night"
902,"Silent Night, Deadly Night","/wiki/Silent_Night,_Deadly_Night"
903,Silver Bullet,/wiki/Silver_Bullet
904,Sinister,/wiki/Sinister
905,Skeleton Man,/wiki/Skeleton_Man
906,Slaughter High,/wiki/Slaughter_High
907,Sleepaway Camp,/wiki/Sleepaway_Camp
908,Slender Man (film),/wiki/Slender_Man_(film)
909,Slime City,/wiki/Slime_City
910,Slither,/wiki/Slither
911,Slumber Party Massacre,/wiki/Slumber_Party_Massacre
912,Small Soldiers,/wiki/Small_Soldiers
913,Smiley,/wiki/Smiley
914,Snakes on a Train,/wiki/Snakes_on_a_Train
915,Snatchers,/wiki/Snatchers
916,Society,/wiki/Society
917,Some Guy Who Kills People,/wiki/Some_Guy_Who_Kills_People
918,Somebody Help Me,/wiki/Somebody_Help_Me
919,Sorority House Massacre,/wiki/Sorority_House_Massacre
920,Sorority Party Massacre,/wiki/Sorority_Party_Massacre
921,Sorority Row,/wiki/Sorority_Row
922,Species,/wiki/Species
923,Splinter,/wiki/Splinter
924,Spooky Buddies,/wiki/Spooky_Buddies
925,Squidbillies,/wiki/Squidbillies
926,Sssssss,/wiki/Sssssss
927,Stage Fright,/wiki/Stage_Fright
928,Stan Helsing,/wiki/Stan_Helsing
929,Stay Alive,/wiki/Stay_Alive
930,Stereo,/wiki/Stereo
931,Stitches,/wiki/Stitches
932,Stoker,/wiki/Stoker
933,Stranger Things,/wiki/Stranger_Things
934,Straw Dogs,/wiki/Straw_Dogs
935,Street Trash,/wiki/Street_Trash
936,Stroker,/wiki/Stroker
937,Student Bodies,/wiki/Student_Bodies
938,Suburban Sasquatch,/wiki/Suburban_Sasquatch
939,Sunny Family Cult,/wiki/Sunny_Family_Cult
940,Super 8,/wiki/Super_8
941,Super Shark,/wiki/Super_Shark
942,Suspiria,/wiki/Suspiria
943,Swamp Ape,/wiki/Swamp_Ape
944,Swamp Shark,/wiki/Swamp_Shark
945,Sweeney Todd: The Demon Barber of Fleet Street,/wiki/Sweeney_Todd:_The_Demon_Barber_of_Fleet_Street
946,Takena Claymotions,/wiki/Takena_Claymotions
947,Tales From the Cryptkeeper,/wiki/Tales_From_the_Cryptkeeper
948,Tales from the Hood,/wiki/Tales_from_the_Hood
949,Tales of Halloween,/wiki/Tales_of_Halloween
950,Tasmanian Devils 2013,/wiki/Tasmanian_Devils_2013
951,Tell Me How I Die,/wiki/Tell_Me_How_I_Die
952,Tenebrae,/wiki/Tenebrae
953,Terrifier,/wiki/Terrifier
954,Terror Toons,/wiki/Terror_Toons
955,Terror Train,/wiki/Terror_Train
956,TerrorVision,/wiki/TerrorVision
957,Tetsuo: The Iron Man,/wiki/Tetsuo:_The_Iron_Man
958,ThanksKilling,/wiki/ThanksKilling
959,The Amazing World of Gumball: The Grudge,/wiki/The_Amazing_World_of_Gumball:_The_Grudge
960,The Amityville Horror,/wiki/The_Amityville_Horror
961,The Autopsy of Jane Doe,/wiki/The_Autopsy_of_Jane_Doe
962,The Babadook,/wiki/The_Babadook
963,The Babysitter,/wiki/The_Babysitter
964,The Babysitter (2017),/wiki/The_Babysitter_(2017)
965,The Babysitter: Killer Queen,/wiki/The_Babysitter:_Killer_Queen
966,The Banana Splits Movie,/wiki/The_Banana_Splits_Movie
967,The Beast of Hollow Mountain,/wiki/The_Beast_of_Hollow_Mountain
968,The Being,/wiki/The_Being
969,The Belko Experiment,/wiki/The_Belko_Experiment
970,The Beyond,/wiki/The_Beyond
971,The Bird with the Crystal Plumage,/wiki/The_Bird_with_the_Crystal_Plumage
972,The Birds,/wiki/The_Birds
973,The Blackout,/wiki/The_Blackout
974,The Blob,/wiki/The_Blob
975,The Blob (1988),/wiki/The_Blob_(1988)
976,The Bone Snatcher,/wiki/The_Bone_Snatcher
977,The Boneyard,/wiki/The_Boneyard
978,The Burning,/wiki/The_Burning
979,The Butchers,/wiki/The_Butchers
980,The Cabin In the Woods,/wiki/The_Cabin_In_the_Woods
981,The Car,/wiki/The_Car
982,The Changeling,/wiki/The_Changeling
983,The Children,/wiki/The_Children
984,The Church,/wiki/The_Church
985,The Collection,/wiki/The_Collection
986,The Comeback,/wiki/The_Comeback
987,The Conjuring Universe,/wiki/The_Conjuring_Universe
988,The Crazies,/wiki/The_Crazies
989,The Darkest Hour,/wiki/The_Darkest_Hour
990,The Dead Don’t Die,/wiki/The_Dead_Don%E2%80%99t_Die
991,The Dead Zone,/wiki/The_Dead_Zone
992,The Deadly Spawn,/wiki/The_Deadly_Spawn
993,The Dentist,/wiki/The_Dentist
994,The Depression Trilogy,/wiki/The_Depression_Trilogy
995,The Descent,/wiki/The_Descent
996,The Evil Dead (Film Series),/wiki/The_Evil_Dead_(Film_Series)
997,The Execution of Mary Stuart,/wiki/The_Execution_of_Mary_Stuart
998,The Exorcist,/wiki/The_Exorcist
999,The Experiment,/wiki/The_Experiment
1000,The First Power,/wiki/The_First_Power
1001,The Fly,/wiki/The_Fly
1002,The Fly (Remake Series),/wiki/The_Fly_(Remake_Series)
1003,The Fog,/wiki/The_Fog
