Horror Wiki Index,Title,Year,Horror Wiki URL
0,The Bird with the Crystal Plumage (1970),1970,/wiki/The_Bird_with_the_Crystal_Plumage_(1970)
1,Equinox,1970,/wiki/Equinox
2,Goodbye Gemini,1970,/wiki/Goodbye_Gemini
3,The Horror of Frankenstein,1970,/wiki/The_Horror_of_Frankenstein
4,House of Dark Shadows,1970,/wiki/House_of_Dark_Shadows
5,Scars of Dracula,1970,/wiki/Scars_of_Dracula
6,Taste the Blood of Dracula,1970,/wiki/Taste_the_Blood_of_Dracula
7,Trog,1970,/wiki/Trog
8,The Vampire Lovers (1970),1970,/wiki/The_Vampire_Lovers_(1970)
9,Abominable Dr. Phibes (1971),1971,/wiki/Abominable_Dr._Phibes_(1971)
10,Beast of the Yellow Night (1971),1971,/wiki/Beast_of_the_Yellow_Night_(1971)
11,Blood from the Mummy's Tomb (1971),1971,/wiki/Blood_from_the_Mummy%27s_Tomb_(1971)
12,The Cat o' Nine Tails (1971),1971,/wiki/The_Cat_o%27_Nine_Tails_(1971)
13,Dracula vs. Frankenstein,1971,/wiki/Dracula_vs._Frankenstein
14,Let's Scare Jessica to Death,1971,/wiki/Let%27s_Scare_Jessica_to_Death
15,Night of Dark Shadows (1971),1971,/wiki/Night_of_Dark_Shadows_(1971)
16,The House That Dripped Blood,1971,/wiki/The_House_That_Dripped_Blood
17,Baron Blood (1972),1972,/wiki/Baron_Blood_(1972)
18,Beware! The Blob (1972),1972,/wiki/Beware!_The_Blob_(1972)
19,Blacula (1972),1972,/wiki/Blacula_(1972)
20,Children Shouldn't Play with Dead Things (1972),1972,/wiki/Children_Shouldn%27t_Play_with_Dead_Things_(1972)
21,Deliverance,1972,/wiki/Deliverance
22,Frogs,1972,/wiki/Frogs
23,Fury of the Wolfman,1972,/wiki/Fury_of_the_Wolfman
24,Horror Express,1972,/wiki/Horror_Express
25,The Last House on the Left (1972),1972,/wiki/The_Last_House_on_the_Left_(1972)
26,Tales From The Crypt,1972,/wiki/Tales_From_The_Crypt
27,Tales from the Crypt,1972,/wiki/Tales_from_the_Crypt
28,The Legend of Boggy Creek,1972,/wiki/The_Legend_of_Boggy_Creek
29,The Possession of Joel Delaney,1972,/wiki/The_Possession_of_Joel_Delaney
30,Vampire Circus,1972,/wiki/Vampire_Circus
31,You'll Like My Mother,1972,/wiki/You%27ll_Like_My_Mother
32,A Virgin Among the Living Dead (1973),1973,/wiki/A_Virgin_Among_the_Living_Dead_(1973)
33,The Crazies (1973),1973,/wiki/The_Crazies_(1973)
34,Don't Look Now,1973,/wiki/Don%27t_Look_Now
35,Dracula (1973),1973,/wiki/Dracula_(1973)
36,"Hannah, Queen of the Vampires",1973,"/wiki/Hannah,_Queen_of_the_Vampires"
37,The Legend of Hell House,1973,/wiki/The_Legend_of_Hell_House
38,Mark of the Devil Part II,1973,/wiki/Mark_of_the_Devil_Part_II
39,Night Watch,1973,/wiki/Night_Watch
40,No Way Out,1973,/wiki/No_Way_Out
41,Sisters (1973),1973,/wiki/Sisters_(1973)
42,SSSSnake,1973,/wiki/SSSSnake
43,Tales That Witness Madness,1973,/wiki/Tales_That_Witness_Madness
44,The Creeping Flesh,1973,/wiki/The_Creeping_Flesh
45,The Exorcist,1973,/wiki/The_Exorcist
46,The Vault of Horror,1973,/wiki/The_Vault_of_Horror
47,Theatre of Blood,1973,/wiki/Theatre_of_Blood
48,Torso,1973,/wiki/Torso
49,Vault of Horror,1973,/wiki/Vault_of_Horror
50,The Wicker Man (1973),1973,/wiki/The_Wicker_Man_(1973)
51,Abby (1974),1974,/wiki/Abby_(1974)
52,Axe (1974),1974,/wiki/Axe_(1974)
53,The Bat People (1974),1974,/wiki/The_Bat_People_(1974)
54,Black Christmas (1974),1974,/wiki/Black_Christmas_(1974)
55,Blood for Dracula (1974),1974,/wiki/Blood_for_Dracula_(1974)
56,Chi sei? (1974),1974,/wiki/Chi_sei%3F_(1974)
57,Chosen Survivors (1974),1974,/wiki/Chosen_Survivors_(1974)
58,Deathdream,1974,/wiki/Deathdream
59,Deranged (1974),1974,/wiki/Deranged_(1974)
60,Frankenstein and the Monster from Hell,1974,/wiki/Frankenstein_and_the_Monster_from_Hell
61,From Beyond the Grave,1974,/wiki/From_Beyond_the_Grave
62,Godzilla vs. Mechagodzilla,1974,/wiki/Godzilla_vs._Mechagodzilla
63,It's Alive!,1974,/wiki/It%27s_Alive!
64,Let Sleeping Corpses Lie,1974,/wiki/Let_Sleeping_Corpses_Lie
65,Lisa and the Devil,1974,/wiki/Lisa_and_the_Devil
66,Madhouse,1974,/wiki/Madhouse
67,The Terminal Man,1974,/wiki/The_Terminal_Man
68,The Texas Chain Saw Massacre (1974),1974,/wiki/The_Texas_Chain_Saw_Massacre_(1974)
69,Vampyres,1974,/wiki/Vampyres
70,Young Frankenstein,1974,/wiki/Young_Frankenstein
71,Bug (1975),1975,/wiki/Bug_(1975)
72,Deep Red (1975),1975,/wiki/Deep_Red_(1975)
73,Jaws (film),1975,/wiki/Jaws_(film)
74,Lips of Blood,1975,/wiki/Lips_of_Blood
75,Shivers,1975,/wiki/Shivers
76,The Stepford Wives (1975),1975,/wiki/The_Stepford_Wives_(1975)
77,The Ghoul,1975,/wiki/The_Ghoul
78,The Rocky Horror Picture Show,1975,/wiki/The_Rocky_Horror_Picture_Show
79,Trilogy of Terror,1975,/wiki/Trilogy_of_Terror
80,"Alice, Sweet Alice (1976)",1976,"/wiki/Alice,_Sweet_Alice_(1976)"
81,Burnt Offerings (1976),1976,/wiki/Burnt_Offerings_(1976)
82,Carrie (1976),1976,/wiki/Carrie_(1976)
83,Creature from Black Lake (1976),1976,/wiki/Creature_from_Black_Lake_(1976)
84,Dogs,1976,/wiki/Dogs
85,Eaten Alive,1976,/wiki/Eaten_Alive
86,The Food of the Gods,1976,/wiki/The_Food_of_the_Gods
87,Grizzly,1976,/wiki/Grizzly
88,King Kong (1976),1976,/wiki/King_Kong_(1976)
89,The Omen (1976),1976,/wiki/The_Omen_(1976)
90,Shark Kill (1976),1976,/wiki/Shark_Kill_(1976)
91,Snuff,1976,/wiki/Snuff
92,Squirm,1976,/wiki/Squirm
93,The Savage Bees,1976,/wiki/The_Savage_Bees
94,The Town That Dreaded Sundown (1976),1976,/wiki/The_Town_That_Dreaded_Sundown_(1976)
95,Audrey Rose (1977),1977,/wiki/Audrey_Rose_(1977)
96,Day of the Animals (1977),1977,/wiki/Day_of_the_Animals_(1977)
97,Demon Seed,1977,/wiki/Demon_Seed
98,Exorcist II: The Heretic,1977,/wiki/Exorcist_II:_The_Heretic
99,Hausu,1977,/wiki/Hausu
100,The Hills Have Eyes (1977),1977,/wiki/The_Hills_Have_Eyes_(1977)
101,House (1977),1977,/wiki/House_(1977)
102,Orca (film),1977,/wiki/Orca_(film)
103,The Pack,1977,/wiki/The_Pack
104,Ruby,1977,/wiki/Ruby
105,The Sentinel,1977,/wiki/The_Sentinel
106,Shock,1977,/wiki/Shock
107,Shock Waves,1977,/wiki/Shock_Waves
108,Snowbeast,1977,/wiki/Snowbeast
109,Suspiria (1977),1977,/wiki/Suspiria_(1977)
110,The Car,1977,/wiki/The_Car
111,The Uncanny,1977,/wiki/The_Uncanny
112,Coma (1978),1978,/wiki/Coma_(1978)
113,Damien: Omen II (1978),1978,/wiki/Damien:_Omen_II_(1978)
114,Dawn of the Dead (1978),1978,/wiki/Dawn_of_the_Dead_(1978)
115,Halloween (1978),1978,/wiki/Halloween_(1978)
116,I Spit On Your Grave (1978),1978,/wiki/I_Spit_On_Your_Grave_(1978)
117,Invasion of the Body Snatchers (1978),1978,/wiki/Invasion_of_the_Body_Snatchers_(1978)
118,It Lives Again,1978,/wiki/It_Lives_Again
119,Jaws 2,1978,/wiki/Jaws_2
120,Jennifer,1978,/wiki/Jennifer
121,Laserblast,1978,/wiki/Laserblast
122,The Legacy,1978,/wiki/The_Legacy
123,Magic,1978,/wiki/Magic
124,Martin,1978,/wiki/Martin
125,Patrick (1978),1978,/wiki/Patrick_(1978)
126,Piranha (1978),1978,/wiki/Piranha_(1978)
127,Terror Out of the Sky,1978,/wiki/Terror_Out_of_the_Sky
128,The Alien Factor,1978,/wiki/The_Alien_Factor
129,The Bees,1978,/wiki/The_Bees
130,The Fury,1978,/wiki/The_Fury
131,The Toolbox Murders (1978),1978,/wiki/The_Toolbox_Murders_(1978)
132,Watership Down (1978),1978,/wiki/Watership_Down_(1978)
133,Zoltan: Hound of Dracula,1978,/wiki/Zoltan:_Hound_of_Dracula
134,Alien (1979),1979,/wiki/Alien_(1979)
135,The Brood (1979),1979,/wiki/The_Brood_(1979)
136,Crocodile (1979),1979,/wiki/Crocodile_(1979)
137,Dracula (1979),1979,/wiki/Dracula_(1979)
138,The Driller Killer,1979,/wiki/The_Driller_Killer
139,Nightwing,1979,/wiki/Nightwing
140,Nosferatu the Vampyre,1979,/wiki/Nosferatu_the_Vampyre
141,Phantasm,1979,/wiki/Phantasm
142,Prophecy,1979,/wiki/Prophecy
143,The Silent Scream,1979,/wiki/The_Silent_Scream
144,Tourist Trap,1979,/wiki/Tourist_Trap
145,When a Stranger Calls (1979),1979,/wiki/When_a_Stranger_Calls_(1979)
146,Zombi 2,1979,/wiki/Zombi_2
147,Alligator (1980),1980,/wiki/Alligator_(1980)
148,Altered States (1980),1980,/wiki/Altered_States_(1980)
149,Antropophagus (1980),1980,/wiki/Antropophagus_(1980)
150,Beyond Evil (1980),1980,/wiki/Beyond_Evil_(1980)
151,Bloodeaters (1980),1980,/wiki/Bloodeaters_(1980)
152,The Boogeyman (1980),1980,/wiki/The_Boogeyman_(1980)
153,Cannibal Holocaust (1980),1980,/wiki/Cannibal_Holocaust_(1980)
154,The Changeling (1980),1980,/wiki/The_Changeling_(1980)
155,Christmas Evil (1980),1980,/wiki/Christmas_Evil_(1980)
156,City of the Living Dead (1980),1980,/wiki/City_of_the_Living_Dead_(1980)
157,Contamination,1980,/wiki/Contamination
158,Death Ship,1980,/wiki/Death_Ship
159,Demented,1980,/wiki/Demented
160,Dressed to Kill,1980,/wiki/Dressed_to_Kill
161,Fade to Black,1980,/wiki/Fade_to_Black
162,Fiend (1980),1980,/wiki/Fiend_(1980)
163,The Fog (1980),1980,/wiki/The_Fog_(1980)
164,Friday the 13th (1980),1980,/wiki/Friday_the_13th_(1980)
165,He Knows You're Alone,1980,/wiki/He_Knows_You%27re_Alone
166,Hell of the Living Dead,1980,/wiki/Hell_of_the_Living_Dead
167,Humanoids from the Deep (1980),1980,/wiki/Humanoids_from_the_Deep_(1980)
168,Inferno,1980,/wiki/Inferno
169,Maniac (1980),1980,/wiki/Maniac_(1980)
170,Monstroid,1980,/wiki/Monstroid
171,Motel Hell,1980,/wiki/Motel_Hell
172,New Year's Evil,1980,/wiki/New_Year%27s_Evil
173,Night of the Demon (1980),1980,/wiki/Night_of_the_Demon_(1980)
174,Nightmare City,1980,/wiki/Nightmare_City
175,Patrick vive ancora,1980,/wiki/Patrick_vive_ancora
176,Prom Night (1980),1980,/wiki/Prom_Night_(1980)
177,Saturn 3,1980,/wiki/Saturn_3
178,The Shining,1980,/wiki/The_Shining
179,Terror Train,1980,/wiki/Terror_Train
180,The Awakening,1980,/wiki/The_Awakening
181,Without Warning,1980,/wiki/Without_Warning
182,An American Werewolf in London (1981),1981,/wiki/An_American_Werewolf_in_London_(1981)
183,Blood Beach (1981),1981,/wiki/Blood_Beach_(1981)
184,Bloody Birthday (1981),1981,/wiki/Bloody_Birthday_(1981)
185,Burial Ground (1981),1981,/wiki/Burial_Ground_(1981)
186,The Burning (1981),1981,/wiki/The_Burning_(1981)
187,Dark Night of the Scarecrow (1981),1981,/wiki/Dark_Night_of_the_Scarecrow_(1981)
188,Dead & Buried (1981),1981,/wiki/Dead_%26_Buried_(1981)
189,Deadly Blessing,1981,/wiki/Deadly_Blessing
190,The Evil Dead (1981),1981,/wiki/The_Evil_Dead_(1981)
191,Eyes of a Stranger,1981,/wiki/Eyes_of_a_Stranger
192,Friday the 13th Part 2 (1981),1981,/wiki/Friday_the_13th_Part_2_(1981)
193,The Funhouse,1981,/wiki/The_Funhouse
194,Galaxy of Terror,1981,/wiki/Galaxy_of_Terror
195,Ghost Story,1981,/wiki/Ghost_Story
196,Ghostkeeper,1981,/wiki/Ghostkeeper
197,Great White,1981,/wiki/Great_White
198,Halloween II (1981),1981,/wiki/Halloween_II_(1981)
199,Happy Birthday to Me,1981,/wiki/Happy_Birthday_to_Me
200,Hell Night,1981,/wiki/Hell_Night
201,The House by the Cemetery,1981,/wiki/The_House_by_the_Cemetery
202,The Howling (1981),1981,/wiki/The_Howling_(1981)
203,Just Before Dawn,1981,/wiki/Just_Before_Dawn
204,My Bloody Valentine (1981),1981,/wiki/My_Bloody_Valentine_(1981)
205,Mystics in Bali,1981,/wiki/Mystics_in_Bali
206,Night School,1981,/wiki/Night_School
207,Omen III: The Final Conflict,1981,/wiki/Omen_III:_The_Final_Conflict
208,Piranha II: The Spawning,1981,/wiki/Piranha_II:_The_Spawning
209,The Prowler,1981,/wiki/The_Prowler
210,Saturday the 14th,1981,/wiki/Saturday_the_14th
211,Scanners,1981,/wiki/Scanners
212,Scared to Death,1981,/wiki/Scared_to_Death
213,The Beyond,1981,/wiki/The_Beyond
214,The Black Cat (1981),1981,/wiki/The_Black_Cat_(1981)
215,The Boogens,1981,/wiki/The_Boogens
216,The Hand,1981,/wiki/The_Hand
217,The Pit,1981,/wiki/The_Pit
218,Wolfen,1981,/wiki/Wolfen
219,Alone in the Dark (1982),1982,/wiki/Alone_in_the_Dark_(1982)
220,Amityville II: The Possession (1982),1982,/wiki/Amityville_II:_The_Possession_(1982)
221,Basket Case (1982),1982,/wiki/Basket_Case_(1982)
222,The Beast Within (1982),1982,/wiki/The_Beast_Within_(1982)
223,Creepshow (1982),1982,/wiki/Creepshow_(1982)
224,Deadly Eyes (1982),1982,/wiki/Deadly_Eyes_(1982)
225,Forbidden World,1982,/wiki/Forbidden_World
226,Friday the 13th Part III,1982,/wiki/Friday_the_13th_Part_III
227,Halloween III: Season of the Witch,1982,/wiki/Halloween_III:_Season_of_the_Witch
228,Humongous,1982,/wiki/Humongous
229,Madman (1982),1982,/wiki/Madman_(1982)
230,Night Warning,1982,/wiki/Night_Warning
231,Nightbeast,1982,/wiki/Nightbeast
232,Pieces,1982,/wiki/Pieces
233,Poltergeist (1982),1982,/wiki/Poltergeist_(1982)
234,Q (1982),1982,/wiki/Q_(1982)
235,The Slumber Party Massacre,1982,/wiki/The_Slumber_Party_Massacre
236,Swamp Thing,1982,/wiki/Swamp_Thing
237,Tenebrae,1982,/wiki/Tenebrae
238,The Thing (1982),1982,/wiki/The_Thing_(1982)
239,Unhinged,1982,/wiki/Unhinged
240,Visiting Hours,1982,/wiki/Visiting_Hours
241,White Dog,1982,/wiki/White_Dog
242,Xtro,1982,/wiki/Xtro
243,Amityville 3-D (1983),1983,/wiki/Amityville_3-D_(1983)
244,Christine (1983),1983,/wiki/Christine_(1983)
245,Cujo (1983),1983,/wiki/Cujo_(1983)
246,De Lift (1983),1983,/wiki/De_Lift_(1983)
247,The Dead Zone (1983),1983,/wiki/The_Dead_Zone_(1983)
248,The Deadly Spawn,1983,/wiki/The_Deadly_Spawn
249,The House on Sorority Row,1983,/wiki/The_House_on_Sorority_Row
250,Jaws 3-D,1983,/wiki/Jaws_3-D
251,Mausoleum,1983,/wiki/Mausoleum
252,One Dark Night,1983,/wiki/One_Dark_Night
253,Psycho II,1983,/wiki/Psycho_II
254,Sleepaway Camp,1983,/wiki/Sleepaway_Camp
255,Something Wicked This Way Comes (1983),1983,/wiki/Something_Wicked_This_Way_Comes_(1983)
256,Spasms,1983,/wiki/Spasms
257,Sweet Sixteen,1983,/wiki/Sweet_Sixteen
258,The Being,1983,/wiki/The_Being
259,The Final Terror,1983,/wiki/The_Final_Terror
260,Twilight Zone: The Movie,1983,/wiki/Twilight_Zone:_The_Movie
261,Videodrome,1983,/wiki/Videodrome
262,A Nightmare on Elm Street (1984),1984,/wiki/A_Nightmare_on_Elm_Street_(1984)
263,C.H.U.D.,1984,/wiki/C.H.U.D.
264,Children of the Corn (1984),1984,/wiki/Children_of_the_Corn_(1984)
265,The Company of Wolves (1984),1984,/wiki/The_Company_of_Wolves_(1984)
266,Firestarter (1984),1984,/wiki/Firestarter_(1984)
267,Friday the 13th: The Final Chapter,1984,/wiki/Friday_the_13th:_The_Final_Chapter
268,Gremlins,1984,/wiki/Gremlins
269,Monster Dog,1984,/wiki/Monster_Dog
270,Rats: Night of Terror,1984,/wiki/Rats:_Night_of_Terror
271,Razorback,1984,/wiki/Razorback
272,Scream for Help,1984,/wiki/Scream_for_Help
273,"Shake, Rattle and Roll",1984,"/wiki/Shake,_Rattle_and_Roll"
274,"Silent Night, Deadly Night",1984,"/wiki/Silent_Night,_Deadly_Night"
275,Splatter University,1984,/wiki/Splatter_University
276,A Nightmare on Elm Street 2: Freddy's Revenge (1985),1985,/wiki/A_Nightmare_on_Elm_Street_2:_Freddy%27s_Revenge_(1985)
277,The Bride (1985),1985,/wiki/The_Bride_(1985)
278,Cat's Eye (1985),1985,/wiki/Cat%27s_Eye_(1985)
279,Creature (1985),1985,/wiki/Creature_(1985)
280,Day of the Dead (1985),1985,/wiki/Day_of_the_Dead_(1985)
281,Demons,1985,/wiki/Demons
282,Friday the 13th: A New Beginning,1985,/wiki/Friday_the_13th:_A_New_Beginning
283,Fright Night (1985),1985,/wiki/Fright_Night_(1985)
284,Galaxy Invader,1985,/wiki/Galaxy_Invader
285,Ghoulies,1985,/wiki/Ghoulies
286,The Hills Have Eyes Part II (1985),1985,/wiki/The_Hills_Have_Eyes_Part_II_(1985)
287,Howling II: Your Sister Is a Werewolf,1985,/wiki/Howling_II:_Your_Sister_Is_a_Werewolf
288,Lifeforce,1985,/wiki/Lifeforce
289,Night Train to Terror,1985,/wiki/Night_Train_to_Terror
290,Phenomena,1985,/wiki/Phenomena
291,Re-Animator,1985,/wiki/Re-Animator
292,The Return of the Living Dead (1985),1985,/wiki/The_Return_of_the_Living_Dead_(1985)
293,Silver Bullet,1985,/wiki/Silver_Bullet
294,The Stuff,1985,/wiki/The_Stuff
295,The Abomination (1986),1986,/wiki/The_Abomination_(1986)
296,Aliens (1986),1986,/wiki/Aliens_(1986)
297,April Fool's Day (1986),1986,/wiki/April_Fool%27s_Day_(1986)
298,Chopping Mall (1986),1986,/wiki/Chopping_Mall_(1986)
299,Critters (1986),1986,/wiki/Critters_(1986)
300,Deadly Friend (1986),1986,/wiki/Deadly_Friend_(1986)
301,Deadtime Stories,1986,/wiki/Deadtime_Stories
302,Demons 2,1986,/wiki/Demons_2
303,The Fly (1986),1986,/wiki/The_Fly_(1986)
304,Friday the 13th Part VI: Jason Lives,1986,/wiki/Friday_the_13th_Part_VI:_Jason_Lives
305,From Beyond,1986,/wiki/From_Beyond
306,Henry: Portrait Of A Serial Killer (1986),1986,/wiki/Henry:_Portrait_Of_A_Serial_Killer_(1986)
307,The Hitcher (1986),1986,/wiki/The_Hitcher_(1986)
308,House (1986),1986,/wiki/House_(1986)
309,Invaders from Mars (1986),1986,/wiki/Invaders_from_Mars_(1986)
310,Lucker the Necrophagous,1986,/wiki/Lucker_the_Necrophagous
311,Maximum Overdrive,1986,/wiki/Maximum_Overdrive
312,My Demon Lover,1986,/wiki/My_Demon_Lover
313,Night of the Creeps,1986,/wiki/Night_of_the_Creeps
314,Psycho III,1986,/wiki/Psycho_III
315,Rawhead Rex,1986,/wiki/Rawhead_Rex
316,Slaughter High,1986,/wiki/Slaughter_High
317,Something in the Basement,1986,/wiki/Something_in_the_Basement
318,Sorority House Massacre (1986),1986,/wiki/Sorority_House_Massacre_(1986)
319,Spookies,1986,/wiki/Spookies
320,TerrorVision,1986,/wiki/TerrorVision
321,The Texas Chainsaw Massacre 2,1986,/wiki/The_Texas_Chainsaw_Massacre_2
322,Troll,1986,/wiki/Troll
323,A Nightmare on Elm Street 3: Dream Warriors (1987),1987,/wiki/A_Nightmare_on_Elm_Street_3:_Dream_Warriors_(1987)
324,Angel Heart (1987),1987,/wiki/Angel_Heart_(1987)
325,Angustia (1987),1987,/wiki/Angustia_(1987)
326,Bad Taste (1987),1987,/wiki/Bad_Taste_(1987)
327,Berserker (1987),1987,/wiki/Berserker_(1987)
328,Blood Diner,1987,/wiki/Blood_Diner
329,Blood Rage (1987),1987,/wiki/Blood_Rage_(1987)
330,Blue Monkey (1987),1987,/wiki/Blue_Monkey_(1987)
331,Creepozoids,1987,/wiki/Creepozoids
332,Creepshow 2 (1987),1987,/wiki/Creepshow_2_(1987)
333,Dolls,1987,/wiki/Dolls
334,Evil Dead II,1987,/wiki/Evil_Dead_II
335,The Falling,1987,/wiki/The_Falling
336,Ghoulies II,1987,/wiki/Ghoulies_II
337,Hellraiser (1987),1987,/wiki/Hellraiser_(1987)
338,House II: The Second Story,1987,/wiki/House_II:_The_Second_Story
339,Howling III: The Marsupials,1987,/wiki/Howling_III:_The_Marsupials
340,Jaws: The Revenge,1987,/wiki/Jaws:_The_Revenge
341,The Lost Boys,1987,/wiki/The_Lost_Boys
342,The Monster Squad,1987,/wiki/The_Monster_Squad
343,Munchies,1987,/wiki/Munchies
344,Opera,1987,/wiki/Opera
345,Predator (1987),1987,/wiki/Predator_(1987)
346,Prince of Darkness (1987),1987,/wiki/Prince_of_Darkness_(1987)
347,Hello Mary Lou: Prom Night II,1987,/wiki/Hello_Mary_Lou:_Prom_Night_II
348,Reflections,1987,/wiki/Reflections
349,Rock 'n' Roll Nightmare,1987,/wiki/Rock_%27n%27_Roll_Nightmare
350,"Silent Night, Deadly Night Part 2",1987,"/wiki/Silent_Night,_Deadly_Night_Part_2"
351,Stage Fright (1987),1987,/wiki/Stage_Fright_(1987)
352,The Stepfather (1987),1987,/wiki/The_Stepfather_(1987)
353,Street Trash,1987,/wiki/Street_Trash
354,Terror Night,1987,/wiki/Terror_Night
355,The Curse,1987,/wiki/The_Curse
356,The Gate,1987,/wiki/The_Gate
357,The Hidden,1987,/wiki/The_Hidden
358,Until Death,1987,/wiki/Until_Death
359,555 (1988),1988,/wiki/555_(1988)
360,Beetlejuice (1988),1988,/wiki/Beetlejuice_(1988)
361,The Blob (1988),1988,/wiki/The_Blob_(1988)
362,Brain Damage (1988),1988,/wiki/Brain_Damage_(1988)
363,Cellar Dweller (1988),1988,/wiki/Cellar_Dweller_(1988)
364,Child's Play (1988),1988,/wiki/Child%27s_Play_(1988)
365,Critters 2: The Main Course (1988),1988,/wiki/Critters_2:_The_Main_Course_(1988)
366,Dead Heat,1988,/wiki/Dead_Heat
367,Dead Ringers (1988),1988,/wiki/Dead_Ringers_(1988)
368,Demon City Shinjuku,1988,/wiki/Demon_City_Shinjuku
369,Demonwarp,1988,/wiki/Demonwarp
370,Don't Panic,1988,/wiki/Don%27t_Panic
371,Evil Dead Trap,1988,/wiki/Evil_Dead_Trap
372,Friday the 13th Part VII: The New Blood,1988,/wiki/Friday_the_13th_Part_VII:_The_New_Blood
373,Fright Night: Part II,1988,/wiki/Fright_Night:_Part_II
374,Halloween 4: The Return of Michael Myers,1988,/wiki/Halloween_4:_The_Return_of_Michael_Myers
375,Hellbound: Hellraiser II (1988),1988,/wiki/Hellbound:_Hellraiser_II_(1988)
376,Howling IV: The Original Nightmare,1988,/wiki/Howling_IV:_The_Original_Nightmare
377,Iced,1988,/wiki/Iced
378,Killer Klowns from Outer Space (1988),1988,/wiki/Killer_Klowns_from_Outer_Space_(1988)
379,Killing Birds,1988,/wiki/Killing_Birds
380,Maniac Cop,1988,/wiki/Maniac_Cop
381,Monkey Shines,1988,/wiki/Monkey_Shines
382,Night of the Demons,1988,/wiki/Night_of_the_Demons
383,A Nightmare on Elm Street 4: The Dream Master,1988,/wiki/A_Nightmare_on_Elm_Street_4:_The_Dream_Master
384,Poltergeist III,1988,/wiki/Poltergeist_III
385,Pumpkinhead (film),1988,/wiki/Pumpkinhead_(film)
386,Ratman,1988,/wiki/Ratman
387,Scarecrows,1988,/wiki/Scarecrows
388,Sleepaway Camp II: Unhappy Campers,1988,/wiki/Sleepaway_Camp_II:_Unhappy_Campers
389,Slugs (1988),1988,/wiki/Slugs_(1988)
390,The Brain (1988),1988,/wiki/The_Brain_(1988)
391,They Live,1988,/wiki/They_Live
392,Uninvited (1988),1988,/wiki/Uninvited_(1988)
393,Zombi 3,1988,/wiki/Zombi_3
394,A Nightmare on Elm Street 5: The Dream Child (1989),1989,/wiki/A_Nightmare_on_Elm_Street_5:_The_Dream_Child_(1989)
395,Amityville 4: The Evil Escapes (1989),1989,/wiki/Amityville_4:_The_Evil_Escapes_(1989)
396,C.H.U.D. II: Bud the C.H.U.D.,1989,/wiki/C.H.U.D._II:_Bud_the_C.H.U.D.
397,The Church (1989),1989,/wiki/The_Church_(1989)
398,Clownhouse (1989),1989,/wiki/Clownhouse_(1989)
399,DeepStar Six,1989,/wiki/DeepStar_Six
400,Demons 6: De Profundis,1989,/wiki/Demons_6:_De_Profundis
401,The Fly II,1989,/wiki/The_Fly_II
402,Food of the Gods II,1989,/wiki/Food_of_the_Gods_II
403,Friday the 13th Part VIII: Jason Takes Manhattan,1989,/wiki/Friday_the_13th_Part_VIII:_Jason_Takes_Manhattan
404,Halloween 5: The Revenge of Michael Myers,1989,/wiki/Halloween_5:_The_Revenge_of_Michael_Myers
405,House of Lost Souls,1989,/wiki/House_of_Lost_Souls
406,Howling V: The Rebirth,1989,/wiki/Howling_V:_The_Rebirth
407,Intruder (1989),1989,/wiki/Intruder_(1989)
408,Killer Crocodile,1989,/wiki/Killer_Crocodile
409,Leviathan,1989,/wiki/Leviathan
410,Mae Bia,1989,/wiki/Mae_Bia
411,Pet Sematary (1989),1989,/wiki/Pet_Sematary_(1989)
412,Phantasm II,1989,/wiki/Phantasm_II
413,The Phantom of the Opera (1989),1989,/wiki/The_Phantom_of_the_Opera_(1989)
414,Prom Night III: The Last Kiss,1989,/wiki/Prom_Night_III:_The_Last_Kiss
415,Psycho Cop,1989,/wiki/Psycho_Cop
416,Shocker,1989,/wiki/Shocker
417,"Silent Night, Deadly Night 3: Better Watch Out!",1989,"/wiki/Silent_Night,_Deadly_Night_3:_Better_Watch_Out!"
418,Sleepaway Camp III: Teenage Wasteland,1989,/wiki/Sleepaway_Camp_III:_Teenage_Wasteland
419,Society,1989,/wiki/Society
420,The House of Clocks,1989,/wiki/The_House_of_Clocks
421,The Ogre,1989,/wiki/The_Ogre
422,The Return of Swamp Thing,1989,/wiki/The_Return_of_Swamp_Thing
423,The Terror Within,1989,/wiki/The_Terror_Within
424,Warlock,1989,/wiki/Warlock
425,The Amityville Curse (1990),1990,/wiki/The_Amityville_Curse_(1990)
426,Arachnophobia (1990),1990,/wiki/Arachnophobia_(1990)
427,Basket Case 2 (1990),1990,/wiki/Basket_Case_2_(1990)
428,Brain Dead (1990),1990,/wiki/Brain_Dead_(1990)
429,Buried Alive (1990),1990,/wiki/Buried_Alive_(1990)
430,A Cat in the Brain (1990),1990,/wiki/A_Cat_in_the_Brain_(1990)
431,Child's Play 2 (1990),1990,/wiki/Child%27s_Play_2_(1990)
432,The Exorcist III (1990),1990,/wiki/The_Exorcist_III_(1990)
433,Graveyard Shift,1990,/wiki/Graveyard_Shift
434,Gremlins 2: The New Batch,1990,/wiki/Gremlins_2:_The_New_Batch
435,Hard to Die,1990,/wiki/Hard_to_Die
436,Jacob's Ladder,1990,/wiki/Jacob%27s_Ladder
437,Killer Crocodile 2 (1990),1990,/wiki/Killer_Crocodile_2_(1990)
438,Leatherface: The Texas Chainsaw Massacre III,1990,/wiki/Leatherface:_The_Texas_Chainsaw_Massacre_III
439,Maniac Cop 2,1990,/wiki/Maniac_Cop_2
440,Metamorphosis: The Alien Factor,1990,/wiki/Metamorphosis:_The_Alien_Factor
441,Midnight Ride (1990),1990,/wiki/Midnight_Ride_(1990)
442,Misery,1990,/wiki/Misery
443,Night of The Living Dead (1990),1990,/wiki/Night_of_The_Living_Dead_(1990)
444,Nightbreed,1990,/wiki/Nightbreed
445,Predator 2,1990,/wiki/Predator_2
446,Shakma,1990,/wiki/Shakma
447,"Silent Night, Deadly Night 4: Initiation",1990,"/wiki/Silent_Night,_Deadly_Night_4:_Initiation"
448,Sorority House Massacre 2 (1990),1990,/wiki/Sorority_House_Massacre_2_(1990)
449,Spontaneous Combustion,1990,/wiki/Spontaneous_Combustion
450,Stephen King's It,1990,/wiki/Stephen_King%27s_It
451,Tales from the Darkside: The Movie,1990,/wiki/Tales_from_the_Darkside:_The_Movie
452,The First Power,1990,/wiki/The_First_Power
453,The Gate II: Trespassers,1990,/wiki/The_Gate_II:_Trespassers
454,The Rift,1990,/wiki/The_Rift
455,Troll 2,1990,/wiki/Troll_2
456,Two Evil Eyes,1990,/wiki/Two_Evil_Eyes
457,Alligator II: The Mutation (1991),1991,/wiki/Alligator_II:_The_Mutation_(1991)
458,Basket Case 3: The Progeny (1991),1991,/wiki/Basket_Case_3:_The_Progeny_(1991)
459,Campfire Tales (1991),1991,/wiki/Campfire_Tales_(1991)
460,Child's Play 3 (1991),1991,/wiki/Child%27s_Play_3_(1991)
461,Critters 3 (1991),1991,/wiki/Critters_3_(1991)
462,Dolly Dearest,1991,/wiki/Dolly_Dearest
463,Freddy's Dead: The Final Nightmare,1991,/wiki/Freddy%27s_Dead:_The_Final_Nightmare
464,Ghoulies III: Ghoulies Go To College,1991,/wiki/Ghoulies_III:_Ghoulies_Go_To_College
465,Omen IV: The Awakening,1991,/wiki/Omen_IV:_The_Awakening
466,The People Under the Stairs,1991,/wiki/The_People_Under_the_Stairs
467,Popcorn (1991),1991,/wiki/Popcorn_(1991)
468,Scanners II: The New Order,1991,/wiki/Scanners_II:_The_New_Order
469,Scanners III: The Takeover,1991,/wiki/Scanners_III:_The_Takeover
470,"Silent Night, Deadly Night 5: The Toy Maker",1991,"/wiki/Silent_Night,_Deadly_Night_5:_The_Toy_Maker"
471,Subspecies,1991,/wiki/Subspecies
472,The Silence of the Lambs (1991),1991,/wiki/The_Silence_of_the_Lambs_(1991)
473,The Terror Within II,1991,/wiki/The_Terror_Within_II
474,There's Nothing Out There,1991,/wiki/There%27s_Nothing_Out_There
475,Xtro II: The Second Encounter,1991,/wiki/Xtro_II:_The_Second_Encounter
476,Alien 3 (1992),1992,/wiki/Alien_3_(1992)
477,Amityville: It's About Time (1992),1992,/wiki/Amityville:_It%27s_About_Time_(1992)
478,Army of Darkness (1992),1992,/wiki/Army_of_Darkness_(1992)
479,Braindead (1992),1992,/wiki/Braindead_(1992)
480,Bram Stoker's Dracula (1992),1992,/wiki/Bram_Stoker%27s_Dracula_(1992)
481,Buffy the Vampire Slayer (1992),1992,/wiki/Buffy_the_Vampire_Slayer_(1992)
482,Candyman (1992),1992,/wiki/Candyman_(1992)
483,Children of the Corn II: The Final Sacrifice (1992),1992,/wiki/Children_of_the_Corn_II:_The_Final_Sacrifice_(1992)
484,Critters 4 (1992),1992,/wiki/Critters_4_(1992)
485,Hellraiser III: Hell on Earth,1992,/wiki/Hellraiser_III:_Hell_on_Earth
486,House IV,1992,/wiki/House_IV
487,Innocent Blood,1992,/wiki/Innocent_Blood
488,Pet Sematary II,1992,/wiki/Pet_Sematary_II
489,Sleepwalkers,1992,/wiki/Sleepwalkers
490,Split Second,1992,/wiki/Split_Second
491,Amityville: A New Generation (1993),1993,/wiki/Amityville:_A_New_Generation_(1993)
492,Carnosaur (1993),1993,/wiki/Carnosaur_(1993)
493,Dollman vs. Demonic Toys,1993,/wiki/Dollman_vs._Demonic_Toys
494,Full Eclipse,1993,/wiki/Full_Eclipse
495,Jason Goes to Hell: The Final Friday,1993,/wiki/Jason_Goes_to_Hell:_The_Final_Friday
496,Leprechaun (film),1993,/wiki/Leprechaun_(film)
497,Man's Best Friend,1993,/wiki/Man%27s_Best_Friend
498,Maniac Cop III: Badge of Silence,1993,/wiki/Maniac_Cop_III:_Badge_of_Silence
499,Needful Things,1993,/wiki/Needful_Things
500,Skeeter,1993,/wiki/Skeeter
501,The Good Son,1993,/wiki/The_Good_Son
502,The Nightmare Before Christmas (1993),1993,/wiki/The_Nightmare_Before_Christmas_(1993)
503,Things,1993,/wiki/Things
504,When a Stranger Calls Back,1993,/wiki/When_a_Stranger_Calls_Back
505,Cemetery Man (1994),1994,/wiki/Cemetery_Man_(1994)
506,Creatures from the Abyss (1994),1994,/wiki/Creatures_from_the_Abyss_(1994)
507,Death Machine,1994,/wiki/Death_Machine
508,In the Mouth of Madness,1994,/wiki/In_the_Mouth_of_Madness
509,Leprechaun 2,1994,/wiki/Leprechaun_2
510,Phantasm III: Lord of the Dead,1994,/wiki/Phantasm_III:_Lord_of_the_Dead
511,Pumpkinhead II: Blood Wings,1994,/wiki/Pumpkinhead_II:_Blood_Wings
512,Puppet Master 5,1994,/wiki/Puppet_Master_5
513,Return of the Boogeyman,1994,/wiki/Return_of_the_Boogeyman
514,Scanner Cop,1994,/wiki/Scanner_Cop
515,Texas Chainsaw Massacre: The Next Generation,1994,/wiki/Texas_Chainsaw_Massacre:_The_Next_Generation
516,Watchers 3,1994,/wiki/Watchers_3
517,Wes Craven's New Nightmare,1994,/wiki/Wes_Craven%27s_New_Nightmare
518,Candyman: Farewell to the Flesh (1995),1995,/wiki/Candyman:_Farewell_to_the_Flesh_(1995)
519,Carnosaur 2 (1995),1995,/wiki/Carnosaur_2_(1995)
520,Children of the Corn III: Urban Harvest (1995),1995,/wiki/Children_of_the_Corn_III:_Urban_Harvest_(1995)
521,Dracula: Dead and Loving It,1995,/wiki/Dracula:_Dead_and_Loving_It
522,Halloween: The Curse of Michael Myers,1995,/wiki/Halloween:_The_Curse_of_Michael_Myers
523,Leprechaun 3,1995,/wiki/Leprechaun_3
524,Piranha (1995),1995,/wiki/Piranha_(1995)
525,Rumpelstiltskin,1995,/wiki/Rumpelstiltskin
526,Screamers,1995,/wiki/Screamers
527,Se7en,1995,/wiki/Se7en
528,Species (1995),1995,/wiki/Species_(1995)
529,The Fishmen and Their Queen,1995,/wiki/The_Fishmen_and_Their_Queen
530,The Mangler,1995,/wiki/The_Mangler
531,Village of the Damned (1995),1995,/wiki/Village_of_the_Damned_(1995)
532,Xtro 3: Watch the Skies,1995,/wiki/Xtro_3:_Watch_the_Skies
533,Aatank (1996),1996,/wiki/Aatank_(1996)
534,Bad Moon (1996),1996,/wiki/Bad_Moon_(1996)
535,Carnosaur 3: Primal Species (1996),1996,/wiki/Carnosaur_3:_Primal_Species_(1996)
536,Children of the Corn IV: The Gathering (1996),1996,/wiki/Children_of_the_Corn_IV:_The_Gathering_(1996)
537,From Dusk Till Dawn,1996,/wiki/From_Dusk_Till_Dawn
538,Hellraiser: Bloodline,1996,/wiki/Hellraiser:_Bloodline
539,Pinocchio's Revenge,1996,/wiki/Pinocchio%27s_Revenge
540,Santa Claws (film),1996,/wiki/Santa_Claws_(film)
541,Scream (1996),1996,/wiki/Scream_(1996)
542,Thinner,1996,/wiki/Thinner
543,Tremors 2: Aftershocks,1996,/wiki/Tremors_2:_Aftershocks
544,Trilogy of Terror II,1996,/wiki/Trilogy_of_Terror_II
545,Vampirella,1996,/wiki/Vampirella
546,Aberration (1997),1997,/wiki/Aberration_(1997)
547,Alien Resurrection (1997),1997,/wiki/Alien_Resurrection_(1997)
548,Amityville Dollhouse (1996),1997,/wiki/Amityville_Dollhouse_(1996)
549,An American Werewolf in Paris (1997),1997,/wiki/An_American_Werewolf_in_Paris_(1997)
550,Anaconda (1997),1997,/wiki/Anaconda_(1997)
551,Buried Alive II (1997),1997,/wiki/Buried_Alive_II_(1997)
552,Cube (1997),1997,/wiki/Cube_(1997)
553,Event Horizon,1997,/wiki/Event_Horizon
554,Hideous!,1997,/wiki/Hideous!
555,House of Frankenstein (1997),1997,/wiki/House_of_Frankenstein_(1997)
556,I Know What You Did Last Summer (1997),1997,/wiki/I_Know_What_You_Did_Last_Summer_(1997)
557,Jack Frost (1997),1997,/wiki/Jack_Frost_(1997)
558,Leprechaun 4: In Space,1997,/wiki/Leprechaun_4:_In_Space
559,Mimic,1997,/wiki/Mimic
560,The Night Flier,1997,/wiki/The_Night_Flier
561,Nightwatch (1997),1997,/wiki/Nightwatch_(1997)
562,Quicksilver Highway,1997,/wiki/Quicksilver_Highway
563,The Relic,1997,/wiki/The_Relic
564,Scream 2 (1997),1997,/wiki/Scream_2_(1997)
565,Spawn (film),1997,/wiki/Spawn_(film)
566,Trucks (TV 1997),1997,/wiki/Trucks_(TV_1997)
567,Vampire Journals,1997,/wiki/Vampire_Journals
568,Wishmaster,1997,/wiki/Wishmaster
569,Blade (1998),1998,/wiki/Blade_(1998)
570,Bride of Chucky (1998),1998,/wiki/Bride_of_Chucky_(1998)
571,Carnival of Souls (1998),1998,/wiki/Carnival_of_Souls_(1998)
572,Children of the Corn V: Fields of Terror (1998),1998,/wiki/Children_of_the_Corn_V:_Fields_of_Terror_(1998)
573,Curse of the Puppet Master (1998),1998,/wiki/Curse_of_the_Puppet_Master_(1998)
574,Deep Rising,1998,/wiki/Deep_Rising
575,The Faculty,1998,/wiki/The_Faculty
576,Godzilla (1998),1998,/wiki/Godzilla_(1998)
577,Halloween H20: 20 Years Later (1998),1998,/wiki/Halloween_H20:_20_Years_Later_(1998)
578,I Still Know What You Did Last Summer (1998),1998,/wiki/I_Still_Know_What_You_Did_Last_Summer_(1998)
579,I've Been Waiting for You,1998,/wiki/I%27ve_Been_Waiting_for_You
580,Katasumi,1998,/wiki/Katasumi
581,Phantasm IV: Oblivion,1998,/wiki/Phantasm_IV:_Oblivion
582,Phantoms,1998,/wiki/Phantoms
583,Species II,1998,/wiki/Species_II
584,Subspecies: The Awakening,1998,/wiki/Subspecies:_The_Awakening
585,Urban Legend,1998,/wiki/Urban_Legend
586,The Blair Witch Project (1999),1999,/wiki/The_Blair_Witch_Project_(1999)
587,Blood Dolls (1999),1999,/wiki/Blood_Dolls_(1999)
588,Candyman: Day of the Dead (1999),1999,/wiki/Candyman:_Day_of_the_Dead_(1999)
589,Children of the Corn 666: Isaac's Return (1999),1999,/wiki/Children_of_the_Corn_666:_Isaac%27s_Return_(1999)
590,Deep Blue Sea (1999),1999,/wiki/Deep_Blue_Sea_(1999)
591,End of Days,1999,/wiki/End_of_Days
592,From Dusk Till Dawn 2: Texas Blood Money,1999,/wiki/From_Dusk_Till_Dawn_2:_Texas_Blood_Money
593,From Dusk Till Dawn 3: The Hangman's Daughter,1999,/wiki/From_Dusk_Till_Dawn_3:_The_Hangman%27s_Daughter
594,House on Haunted Hill,1999,/wiki/House_on_Haunted_Hill
595,Idle Hands,1999,/wiki/Idle_Hands
596,King Cobra,1999,/wiki/King_Cobra
597,Lake Placid,1999,/wiki/Lake_Placid
598,The Rage: Carrie 2,1999,/wiki/The_Rage:_Carrie_2
599,Retro Puppet Master,1999,/wiki/Retro_Puppet_Master
600,Shark Attack,1999,/wiki/Shark_Attack
601,Sleepy Hollow,1999,/wiki/Sleepy_Hollow
602,Storm of the Century,1999,/wiki/Storm_of_the_Century
603,The Black Party,1999,/wiki/The_Black_Party
604,The Haunting,1999,/wiki/The_Haunting
605,The Mummy (1999),1999,/wiki/The_Mummy_(1999)
606,The Sixth Sense (1999),1999,/wiki/The_Sixth_Sense_(1999)
607,Virus (1999),1999,/wiki/Virus_(1999)
608,American Psycho (2000),2000,/wiki/American_Psycho_(2000)
609,Bless the Child (2000),2000,/wiki/Bless_the_Child_(2000)
610,Blood Surf (2000),2000,/wiki/Blood_Surf_(2000)
611,Blood: The Last Vampire (2000),2000,/wiki/Blood:_The_Last_Vampire_(2000)
612,Bloody Murder (2000),2000,/wiki/Bloody_Murder_(2000)
613,Book of Shadows: Blair Witch 2 (2000),2000,/wiki/Book_of_Shadows:_Blair_Witch_2_(2000)
614,Cherry Falls (2000),2000,/wiki/Cherry_Falls_(2000)
615,Crocodile (2000),2000,/wiki/Crocodile_(2000)
616,Dracula 2000,2000,/wiki/Dracula_2000
617,Final Destination (2000),2000,/wiki/Final_Destination_(2000)
618,Ginger Snaps,2000,/wiki/Ginger_Snaps
619,Hellraiser: Inferno,2000,/wiki/Hellraiser:_Inferno
620,Hollow Man,2000,/wiki/Hollow_Man
621,Leprechaun in the Hood,2000,/wiki/Leprechaun_in_the_Hood
622,Python,2000,/wiki/Python
623,Scary Movie (2000),2000,/wiki/Scary_Movie_(2000)
624,Scream 3 (2000),2000,/wiki/Scream_3_(2000)
625,Bones (2001),2001,/wiki/Bones_(2001)
626,Boogeymen: The Killer Compilation (2001),2001,/wiki/Boogeymen:_The_Killer_Compilation_(2001)
627,Children of the Corn: Revelation (2001),2001,/wiki/Children_of_the_Corn:_Revelation_(2001)
628,Dagon (2001),2001,/wiki/Dagon_(2001)
629,Down,2001,/wiki/Down
630,Ghosts of Mars,2001,/wiki/Ghosts_of_Mars
631,Hannibal,2001,/wiki/Hannibal
632,Jason X,2001,/wiki/Jason_X
633,Jeepers Creepers,2001,/wiki/Jeepers_Creepers
634,Mermaid Chronicles Part 1: She Creature,2001,/wiki/Mermaid_Chronicles_Part_1:_She_Creature
635,Raptor (2001),2001,/wiki/Raptor_(2001)
636,Ripper,2001,/wiki/Ripper
637,Route 666 (2001),2001,/wiki/Route_666_(2001)
638,Scary Movie 2 (2001),2001,/wiki/Scary_Movie_2_(2001)
639,Session 9,2001,/wiki/Session_9
640,Shark Attack 2,2001,/wiki/Shark_Attack_2
641,Thirteen Ghosts (2001),2001,/wiki/Thirteen_Ghosts_(2001)
642,Tremors 3: Back to Perfection,2001,/wiki/Tremors_3:_Back_to_Perfection
643,Wishmaster 3: Beyond the Gates of Hell,2001,/wiki/Wishmaster_3:_Beyond_the_Gates_of_Hell
644,28 Days Later (2002),2002,/wiki/28_Days_Later_(2002)
645,999 - 9999 (2002),2002,/wiki/999_-_9999_(2002)
646,Blade II (2002),2002,/wiki/Blade_II_(2002)
647,Cabin Fever (2002),2002,/wiki/Cabin_Fever_(2002)
648,Carrie (2002),2002,/wiki/Carrie_(2002)
649,Dahmer (2002),2002,/wiki/Dahmer_(2002)
650,Dog Soldiers,2002,/wiki/Dog_Soldiers
651,Dracula (2002),2002,/wiki/Dracula_(2002)
652,Eight Legged Freaks,2002,/wiki/Eight_Legged_Freaks
653,The Eye (2002),2002,/wiki/The_Eye_(2002)
654,Firestarter 2: Rekindled,2002,/wiki/Firestarter_2:_Rekindled
655,Ghost Ship (2002),2002,/wiki/Ghost_Ship_(2002)
656,Halloween: Resurrection,2002,/wiki/Halloween:_Resurrection
657,Hellraiser: Hellseeker,2002,/wiki/Hellraiser:_Hellseeker
658,Infested (2002),2002,/wiki/Infested_(2002)
659,Ju-on: The Grudge,2002,/wiki/Ju-on:_The_Grudge
660,May,2002,/wiki/May
661,Resident Evil,2002,/wiki/Resident_Evil
662,Rose Red,2002,/wiki/Rose_Red
663,Shark Attack 3: Megalodon,2002,/wiki/Shark_Attack_3:_Megalodon
664,The Mangler 2,2002,/wiki/The_Mangler_2
665,The Ring (2002),2002,/wiki/The_Ring_(2002)
666,Trancers 6,2002,/wiki/Trancers_6
667,A Tale of Two Sisters (2003),2003,/wiki/A_Tale_of_Two_Sisters_(2003)
668,Bloody Murder 2: Closing Camp (2003),2003,/wiki/Bloody_Murder_2:_Closing_Camp_(2003)
669,Darkness Falls (2003),2003,/wiki/Darkness_Falls_(2003)
670,Dreamcatcher,2003,/wiki/Dreamcatcher
671,Final Destination 2 (2003),2003,/wiki/Final_Destination_2_(2003)
672,Freddy vs. Jason (2003),2003,/wiki/Freddy_vs._Jason_(2003)
673,Jeepers Creepers II,2003,/wiki/Jeepers_Creepers_II
674,Leprechaun: Back 2 tha Hood,2003,/wiki/Leprechaun:_Back_2_tha_Hood
675,Monsturd,2003,/wiki/Monsturd
676,Puppet Master: The Legacy,2003,/wiki/Puppet_Master:_The_Legacy
677,Scary Movie 3 (2003),2003,/wiki/Scary_Movie_3_(2003)
678,Shredder,2003,/wiki/Shredder
679,The Haunted Mansion (2003),2003,/wiki/The_Haunted_Mansion_(2003)
680,The Texas Chainsaw Massacre (2003),2003,/wiki/The_Texas_Chainsaw_Massacre_(2003)
681,Underworld,2003,/wiki/Underworld
682,Willard (2003),2003,/wiki/Willard_(2003)
683,Wrong Turn (2003),2003,/wiki/Wrong_Turn_(2003)
684,Alien vs. Predator (2004),2004,/wiki/Alien_vs._Predator_(2004)
685,Anacondas: The Hunt for the Blood Orchid (2004),2004,/wiki/Anacondas:_The_Hunt_for_the_Blood_Orchid_(2004)
686,Blade: Trinity (2004),2004,/wiki/Blade:_Trinity_(2004)
687,Creep (2004),2004,/wiki/Creep_(2004)
688,Dawn of the Dead (2004),2004,/wiki/Dawn_of_the_Dead_(2004)
689,Dead Birds (2004),2004,/wiki/Dead_Birds_(2004)
690,Decoys,2004,/wiki/Decoys
691,Dinocroc,2004,/wiki/Dinocroc
692,Exorcist: The Beginning,2004,/wiki/Exorcist:_The_Beginning
693,Fear of Clowns,2004,/wiki/Fear_of_Clowns
694,Ginger Snaps Back: The Beginning,2004,/wiki/Ginger_Snaps_Back:_The_Beginning
695,Ginger Snaps II: Unleashed,2004,/wiki/Ginger_Snaps_II:_Unleashed
696,Puppet Master vs. Demonic Toys,2004,/wiki/Puppet_Master_vs._Demonic_Toys
697,Resident Evil: Apocalypse,2004,/wiki/Resident_Evil:_Apocalypse
698,Rottweiler,2004,/wiki/Rottweiler
699,Saw,2004,/wiki/Saw
700,Secret Window (2004),2004,/wiki/Secret_Window_(2004)
701,Seed of Chucky (2004),2004,/wiki/Seed_of_Chucky_(2004)
702,Shaun of the Dead,2004,/wiki/Shaun_of_the_Dead
703,Species III,2004,/wiki/Species_III
704,Suspect Zero (2004),2004,/wiki/Suspect_Zero_(2004)
705,The Grudge (2004),2004,/wiki/The_Grudge_(2004)
706,Tremors 4: The Legend Begins,2004,/wiki/Tremors_4:_The_Legend_Begins
707,Van Helsing (2004),2004,/wiki/Van_Helsing_(2004)
708,Alone in the Dark (2005),2005,/wiki/Alone_in_the_Dark_(2005)
709,Boogeyman (2005),2005,/wiki/Boogeyman_(2005)
710,Corpse Bride (2005),2005,/wiki/Corpse_Bride_(2005)
711,Cry Wolf (2005),2005,/wiki/Cry_Wolf_(2005)
712,Cursed (2005),2005,/wiki/Cursed_(2005)
713,Dark Water (2005),2005,/wiki/Dark_Water_(2005)
714,Death Tunnel,2005,/wiki/Death_Tunnel
715,Decadent Evil,2005,/wiki/Decadent_Evil
716,The Descent (2005),2005,/wiki/The_Descent_(2005)
717,The Devil's Rejects,2005,/wiki/The_Devil%27s_Rejects
718,Doll Graveyard,2005,/wiki/Doll_Graveyard
719,Dominion: Prequel to the Exorcist,2005,/wiki/Dominion:_Prequel_to_the_Exorcist
720,Doom,2005,/wiki/Doom
721,Evil,2005,/wiki/Evil
722,Feast,2005,/wiki/Feast
723,The Fog (2005),2005,/wiki/The_Fog_(2005)
724,The Gingerdead Man,2005,/wiki/The_Gingerdead_Man
725,Hammerhead: Shark Frenzy,2005,/wiki/Hammerhead:_Shark_Frenzy
726,Hellraiser: Deader,2005,/wiki/Hellraiser:_Deader
727,Hellraiser: Hellworld,2005,/wiki/Hellraiser:_Hellworld
728,Hide and Seek,2005,/wiki/Hide_and_Seek
729,Hostel,2005,/wiki/Hostel
730,House of Wax (2005),2005,/wiki/House_of_Wax_(2005)
731,King Kong (2005),2005,/wiki/King_Kong_(2005)
732,Land of the Dead,2005,/wiki/Land_of_the_Dead
733,Reeker,2005,/wiki/Reeker
734,Santa's Slay,2005,/wiki/Santa%27s_Slay
735,Saw II,2005,/wiki/Saw_II
736,Shapeshifter (2005),2005,/wiki/Shapeshifter_(2005)
737,Tamara,2005,/wiki/Tamara
738,The Amityville Horror (2005),2005,/wiki/The_Amityville_Horror_(2005)
739,The Dark,2005,/wiki/The_Dark
740,Urban Legends: Bloody Mary,2005,/wiki/Urban_Legends:_Bloody_Mary
741,Vampire Bats,2005,/wiki/Vampire_Bats
742,War of the Worlds,2005,/wiki/War_of_the_Worlds
743,White Noise,2005,/wiki/White_Noise
744,Wolf Creek,2005,/wiki/Wolf_Creek
745,All the Boys Love Mandy Lane (2006),2006,/wiki/All_the_Boys_Love_Mandy_Lane_(2006)
746,Altered (2006),2006,/wiki/Altered_(2006)
747,Behind the Mask: The Rise of Leslie Vernon (2006),2006,/wiki/Behind_the_Mask:_The_Rise_of_Leslie_Vernon_(2006)
748,Bikini Bloodbath (2006),2006,/wiki/Bikini_Bloodbath_(2006)
749,Black Christmas (2006),2006,/wiki/Black_Christmas_(2006)
750,Black Sheep (2007),2006,/wiki/Black_Sheep_(2007)
751,The Breed (2006),2006,/wiki/The_Breed_(2006)
752,Cold Prey (2006),2006,/wiki/Cold_Prey_(2006)
753,Creepshow III (2006),2006,/wiki/Creepshow_III_(2006)
754,Doodeind (2006),2006,/wiki/Doodeind_(2006)
755,The Eden Formula,2006,/wiki/The_Eden_Formula
756,Evil Bong,2006,/wiki/Evil_Bong
757,Family,2006,/wiki/Family
758,Final Destination 3 (2006),2006,/wiki/Final_Destination_3_(2006)
759,Forbidden Siren,2006,/wiki/Forbidden_Siren
760,The Hills Have Eyes (2006),2006,/wiki/The_Hills_Have_Eyes_(2006)
761,The Host,2006,/wiki/The_Host
762,I'll Always Know What You Did Last Summer (2006),2006,/wiki/I%27ll_Always_Know_What_You_Did_Last_Summer_(2006)
763,Imprint,2006,/wiki/Imprint
764,Monster House (2006),2006,/wiki/Monster_House_(2006)
765,Mr. Jingles,2006,/wiki/Mr._Jingles
766,Pro-Life,2006,/wiki/Pro-Life
767,Pumpkinhead: Ashes to Ashes,2006,/wiki/Pumpkinhead:_Ashes_to_Ashes
768,Rest Stop,2006,/wiki/Rest_Stop
769,Saw III,2006,/wiki/Saw_III
770,Scary Movie 4 (2006),2006,/wiki/Scary_Movie_4_(2006)
771,Silent Hill (2006),2006,/wiki/Silent_Hill_(2006)
772,Slither,2006,/wiki/Slither
773,Snakes on a Plane,2006,/wiki/Snakes_on_a_Plane
774,Sounds Like,2006,/wiki/Sounds_Like
775,Stay Alive,2006,/wiki/Stay_Alive
776,The Gravedancers,2006,/wiki/The_Gravedancers
777,The Omen (2006 film),2006,/wiki/The_Omen_(2006_film)
778,The Omen (2006),2006,/wiki/The_Omen_(2006)
779,The Texas Chainsaw Massacre: The Beginning,2006,/wiki/The_Texas_Chainsaw_Massacre:_The_Beginning
780,The Tripper,2006,/wiki/The_Tripper
781,Tiki,2006,/wiki/Tiki
782,Turistas,2006,/wiki/Turistas
783,Underworld: Evolution,2006,/wiki/Underworld:_Evolution
784,The V Word,2006,/wiki/The_V_Word
785,When a Stranger Calls (2006 film),2006,/wiki/When_a_Stranger_Calls_(2006_film)
786,Wilderness,2006,/wiki/Wilderness
787,1408 (2007),2007,/wiki/1408_(2007)
788,28 Weeks Later (2007),2007,/wiki/28_Weeks_Later_(2007)
789,30 Days of Night (2007),2007,/wiki/30_Days_of_Night_(2007)
790,Aliens vs. Predator: Requiem (2007),2007,/wiki/Aliens_vs._Predator:_Requiem_(2007)
791,Bhool Bhulaiyaa (2007),2007,/wiki/Bhool_Bhulaiyaa_(2007)
792,Black Water (2007),2007,/wiki/Black_Water_(2007)
793,Boogeyman 2 (2007),2007,/wiki/Boogeyman_2_(2007)
794,Brain Dead (2007),2007,/wiki/Brain_Dead_(2007)
795,Carved (2007),2007,/wiki/Carved_(2007)
796,Catacombs (2007),2007,/wiki/Catacombs_(2007)
797,Chupacabra (2007),2007,/wiki/Chupacabra_(2007)
798,Dead Silence (2007),2007,/wiki/Dead_Silence_(2007)
799,The Deaths of Ian Stone,2007,/wiki/The_Deaths_of_Ian_Stone
800,Decadent Evil II,2007,/wiki/Decadent_Evil_II
801,Diary of the Dead,2007,/wiki/Diary_of_the_Dead
802,Disturbia,2007,/wiki/Disturbia
803,Fear of Clowns 2,2007,/wiki/Fear_of_Clowns_2
804,Fear(s) Of The Dark,2007,/wiki/Fear(s)_Of_The_Dark
805,Frontier(s),2007,/wiki/Frontier(s)
806,Halloween (2007),2007,/wiki/Halloween_(2007)
807,Hannibal Rising,2007,/wiki/Hannibal_Rising
808,Hostel: Part II,2007,/wiki/Hostel:_Part_II
809,I Am Legend,2007,/wiki/I_Am_Legend
810,Lake Placid 2,2007,/wiki/Lake_Placid_2
811,Maneater,2007,/wiki/Maneater
812,The Mist (2007),2007,/wiki/The_Mist_(2007)
813,P2,2007,/wiki/P2
814,Paranormal Activity (2007),2007,/wiki/Paranormal_Activity_(2007)
815,REC,2007,/wiki/REC
816,Resident Evil: Extinction,2007,/wiki/Resident_Evil:_Extinction
817,Return to House on Haunted Hill,2007,/wiki/Return_to_House_on_Haunted_Hill
818,Rogue,2007,/wiki/Rogue
819,Saw IV,2007,/wiki/Saw_IV
820,Seed,2007,/wiki/Seed
821,Shrooms,2007,/wiki/Shrooms
822,Species: The Awakening,2007,/wiki/Species:_The_Awakening
823,Sweeney Todd: The Demon Barber of Fleet Street,2007,/wiki/Sweeney_Todd:_The_Demon_Barber_of_Fleet_Street
824,The Devil's Chair,2007,/wiki/The_Devil%27s_Chair
825,The Hills Have Eyes 2 (2007),2007,/wiki/The_Hills_Have_Eyes_2_(2007)
826,The Messengers,2007,/wiki/The_Messengers
827,The Mother of Tears,2007,/wiki/The_Mother_of_Tears
828,The Poughkeepsie Tapes,2007,/wiki/The_Poughkeepsie_Tapes
829,The Reaping,2007,/wiki/The_Reaping
830,Timber Falls,2007,/wiki/Timber_Falls
831,Trick 'r Treat,2007,/wiki/Trick_%27r_Treat
832,Wrong Turn 2: Dead End,2007,/wiki/Wrong_Turn_2:_Dead_End
833,Alone in the Dark II,2008,/wiki/Alone_in_the_Dark_II
834,Amusement (2008),2008,/wiki/Amusement_(2008)
835,Anacondas: Offspring (2008),2008,/wiki/Anacondas:_Offspring_(2008)
836,April Fool's Day (2008),2008,/wiki/April_Fool%27s_Day_(2008)
837,Banshee!!! (2008),2008,/wiki/Banshee!!!_(2008)
838,Bikini Bloodbath Car Wash (2008),2008,/wiki/Bikini_Bloodbath_Car_Wash_(2008)
839,Carver (2008),2008,/wiki/Carver_(2008)
840,Cloverfield (2008),2008,/wiki/Cloverfield_(2008)
841,Cold Prey 2: Resurrection (2008),2008,/wiki/Cold_Prey_2:_Resurrection_(2008)
842,Dark Floors (2008),2008,/wiki/Dark_Floors_(2008)
843,Dead Fury,2008,/wiki/Dead_Fury
844,Donkey Punch,2008,/wiki/Donkey_Punch
845,Feast 2: Sloppy Seconds,2008,/wiki/Feast_2:_Sloppy_Seconds
846,Gingerdead Man 2: Passion of the Crust,2008,/wiki/Gingerdead_Man_2:_Passion_of_the_Crust
847,The Midnight Meat Train,2008,/wiki/The_Midnight_Meat_Train
848,Mirrors,2008,/wiki/Mirrors
849,Never Cry Werewolf,2008,/wiki/Never_Cry_Werewolf
850,One Missed Call (2008),2008,/wiki/One_Missed_Call_(2008)
851,Prom Night (2008),2008,/wiki/Prom_Night_(2008)
852,Quarantine,2008,/wiki/Quarantine
853,Repo! The Genetic Opera,2008,/wiki/Repo!_The_Genetic_Opera
854,Rock Monster,2008,/wiki/Rock_Monster
855,The Ruins (2008),2008,/wiki/The_Ruins_(2008)
856,Saw V,2008,/wiki/Saw_V
857,Seventh Moon,2008,/wiki/Seventh_Moon
858,Shark in Venice,2008,/wiki/Shark_in_Venice
859,The Strangers,2008,/wiki/The_Strangers
860,ThanksKilling,2008,/wiki/ThanksKilling
861,The Burrowers,2008,/wiki/The_Burrowers
862,The Hive 2008,2008,/wiki/The_Hive_2008
863,The Mummy: Tomb of the Dragon Emperor,2008,/wiki/The_Mummy:_Tomb_of_the_Dragon_Emperor
864,Treevenge,2008,/wiki/Treevenge
865,Warbirds,2008,/wiki/Warbirds
866,Anacondas: Trail of Blood,2009,/wiki/Anacondas:_Trail_of_Blood
867,Bikini Bloodbath Christmas (2009),2009,/wiki/Bikini_Bloodbath_Christmas_(2009)
868,Boogeyman 3 (2009),2009,/wiki/Boogeyman_3_(2009)
869,Cabin Fever 2: Spring Fever (2009),2009,/wiki/Cabin_Fever_2:_Spring_Fever_(2009)
870,Children of the Corn (2009),2009,/wiki/Children_of_the_Corn_(2009)
871,The Collector (2009),2009,/wiki/The_Collector_(2009)
872,Coraline (2009),2009,/wiki/Coraline_(2009)
873,Damned by Dawn,2009,/wiki/Damned_by_Dawn
874,Dead Snow (2009),2009,/wiki/Dead_Snow_(2009)
875,The Descent: Part 2 (2009),2009,/wiki/The_Descent:_Part_2_(2009)
876,Doghouse,2009,/wiki/Doghouse
877,Drag Me to Hell,2009,/wiki/Drag_Me_to_Hell
878,Evil Angel,2009,/wiki/Evil_Angel
879,Evil Bong 2: King Bong,2009,/wiki/Evil_Bong_2:_King_Bong
880,Feast 3: The Happy Finish,2009,/wiki/Feast_3:_The_Happy_Finish
881,The Final Destination (2009),2009,/wiki/The_Final_Destination_(2009)
882,Friday the 13th (2009),2009,/wiki/Friday_the_13th_(2009)
883,Halloween II (2009),2009,/wiki/Halloween_II_(2009)
884,Heartless,2009,/wiki/Heartless
885,Jennifer's Body,2009,/wiki/Jennifer%27s_Body
886,Laid to Rest,2009,/wiki/Laid_to_Rest
887,Life Evil,2009,/wiki/Life_Evil
888,Mega Shark vs. Giant Octopus,2009,/wiki/Mega_Shark_vs._Giant_Octopus
889,My Bloody Valentine 3D,2009,/wiki/My_Bloody_Valentine_3D
890,Necromentia,2009,/wiki/Necromentia
891,Orphan,2009,/wiki/Orphan
892,Pandorum (2009),2009,/wiki/Pandorum_(2009)
893,REC 2,2009,/wiki/REC_2
894,Saw VI,2009,/wiki/Saw_VI
895,Smash Cut,2009,/wiki/Smash_Cut
896,Sorority Row (2009),2009,/wiki/Sorority_Row_(2009)
897,Summer's Moon,2009,/wiki/Summer%27s_Moon
898,Survival of the Dead,2009,/wiki/Survival_of_the_Dead
899,The Blackout (2009),2009,/wiki/The_Blackout_(2009)
900,The Dead,2009,/wiki/The_Dead
901,The Hills Run Red,2009,/wiki/The_Hills_Run_Red
902,The Loved Ones,2009,/wiki/The_Loved_Ones
903,The Stepfather (2009),2009,/wiki/The_Stepfather_(2009)
904,The Unborn,2009,/wiki/The_Unborn
905,Underworld: Rise of the Lycans,2009,/wiki/Underworld:_Rise_of_the_Lycans
906,Wrong Turn 3: Left for Dead,2009,/wiki/Wrong_Turn_3:_Left_for_Dead
907,Zombieland,2009,/wiki/Zombieland
908,A Nightmare on Elm Street (2010),2010,/wiki/A_Nightmare_on_Elm_Street_(2010)
909,Bereavement,2010,/wiki/Bereavement
910,Chain Letter (2010),2010,/wiki/Chain_Letter_(2010)
911,Cold Prey 3: The Beginning (2010),2010,/wiki/Cold_Prey_3:_The_Beginning_(2010)
912,Devil,2010,/wiki/Devil
913,Dream Home,2010,/wiki/Dream_Home
914,The Final (2010),2010,/wiki/The_Final_(2010)
915,I Spit On Your Grave (2010),2010,/wiki/I_Spit_On_Your_Grave_(2010)
916,Insidious (2010),2010,/wiki/Insidious_(2010)
917,Killjoy 3: Killjoy's Revenge,2010,/wiki/Killjoy_3:_Killjoy%27s_Revenge
918,Legion,2010,/wiki/Legion
919,Mirrors 2,2010,/wiki/Mirrors_2
920,My Soul to Take,2010,/wiki/My_Soul_to_Take
921,Paranormal Activity 2 (2010),2010,/wiki/Paranormal_Activity_2_(2010)
922,Paranormal Activity 2: Tokyo Night,2010,/wiki/Paranormal_Activity_2:_Tokyo_Night
923,Piranha 3D,2010,/wiki/Piranha_3D
924,Predators (2010),2010,/wiki/Predators_(2010)
925,Prowl,2010,/wiki/Prowl
926,Rare Exports: A Christmas Tale,2010,/wiki/Rare_Exports:_A_Christmas_Tale
927,Resident Evil: Afterlife,2010,/wiki/Resident_Evil:_Afterlife
928,Saw 3D: The Final Chapter,2010,/wiki/Saw_3D:_The_Final_Chapter
929,Sharktopus,2010,/wiki/Sharktopus
930,Sint (2010),2010,/wiki/Sint_(2010)
931,The Crazies (2010),2010,/wiki/The_Crazies_(2010)
932,The Lost Tribe,2010,/wiki/The_Lost_Tribe
933,The Shrine,2010,/wiki/The_Shrine
934,Tucker & Dale vs. Evil,2010,/wiki/Tucker_%26_Dale_vs._Evil
935,The Wolfman (2010),2010,/wiki/The_Wolfman_(2010)
936,51 (2011),2011,/wiki/51_(2011)
937,The Amityville Haunting (2011),2011,/wiki/The_Amityville_Haunting_(2011)
938,Apollo 18 (2011),2011,/wiki/Apollo_18_(2011)
939,Children of the Corn: Genesis (2011),2011,/wiki/Children_of_the_Corn:_Genesis_(2011)
940,Detention,2011,/wiki/Detention
941,Evil Bong 3D: The Wrath of Bong,2011,/wiki/Evil_Bong_3D:_The_Wrath_of_Bong
942,Fertile Ground,2011,/wiki/Fertile_Ground
943,Final Destination 5 (2011),2011,/wiki/Final_Destination_5_(2011)
944,Gingerdead Man 3: Saturday Night Cleaver,2011,/wiki/Gingerdead_Man_3:_Saturday_Night_Cleaver
945,Grave Encounters,2011,/wiki/Grave_Encounters
946,Hellraiser: Revelations,2011,/wiki/Hellraiser:_Revelations
947,Hostel: Part III (2011),2011,/wiki/Hostel:_Part_III_(2011)
948,Husk,2011,/wiki/Husk
949,Livid,2011,/wiki/Livid
950,Madison County,2011,/wiki/Madison_County
951,Paranormal Activity 3 (2011),2011,/wiki/Paranormal_Activity_3_(2011)
952,Red Riding Hood,2011,/wiki/Red_Riding_Hood
953,Scream 4 (2011),2011,/wiki/Scream_4_(2011)
954,Scream of the Banshee,2011,/wiki/Scream_of_the_Banshee
955,Shark Night,2011,/wiki/Shark_Night
956,Snow Beast (2011),2011,/wiki/Snow_Beast_(2011)
957,Super Shark,2011,/wiki/Super_Shark
958,The Divide,2011,/wiki/The_Divide
959,The Grey,2011,/wiki/The_Grey
960,The Howling: Reborn,2011,/wiki/The_Howling:_Reborn
961,The Moth Diaries,2011,/wiki/The_Moth_Diaries
962,The Thing (2011),2011,/wiki/The_Thing_(2011)
963,Underground (2011),2011,/wiki/Underground_(2011)
964,The VelociPastor,2011,/wiki/The_VelociPastor
965,The Woman,2011,/wiki/The_Woman
966,Wrong Turn 4: Bloody Beginnings,2011,/wiki/Wrong_Turn_4:_Bloody_Beginnings
967,You're Next (2011),2011,/wiki/You%27re_Next_(2011)
968,2-Headed Shark Attack (2012),2012,/wiki/2-Headed_Shark_Attack_(2012)
969,Abraham Lincoln: Vampire Hunter (2012),2012,/wiki/Abraham_Lincoln:_Vampire_Hunter_(2012)
970,American Horror House (2012),2012,/wiki/American_Horror_House_(2012)
971,American Mary (2012),2012,/wiki/American_Mary_(2012)
972,Another (2012),2012,/wiki/Another_(2012)
973,The Apparition (2012),2012,/wiki/The_Apparition_(2012)
974,Bait (2012),2012,/wiki/Bait_(2012)
975,Chernobyl Diaries (2012),2012,/wiki/Chernobyl_Diaries_(2012)
976,The Collection (2012),2012,/wiki/The_Collection_(2012)
977,Dark Shadows (2012),2012,/wiki/Dark_Shadows_(2012)
978,Frankenweenie,2012,/wiki/Frankenweenie
979,The Frozen (2012),2012,/wiki/The_Frozen_(2012)
980,Grabbers,2012,/wiki/Grabbers
981,Grave Encounters 2,2012,/wiki/Grave_Encounters_2
982,The Haunting of Helena,2012,/wiki/The_Haunting_of_Helena
983,House at the End of the Street,2012,/wiki/House_at_the_End_of_the_Street
984,Jurassic Shark,2012,/wiki/Jurassic_Shark
985,Killjoy 4: Killjoy Goes to Hell,2012,/wiki/Killjoy_4:_Killjoy_Goes_to_Hell
986,Lake Placid: The Final Chapter,2012,/wiki/Lake_Placid:_The_Final_Chapter
987,The Lords of Salem,2012,/wiki/The_Lords_of_Salem
988,Mae Nak 3D,2012,/wiki/Mae_Nak_3D
989,Maniac (2012),2012,/wiki/Maniac_(2012)
990,Piranha 3DD,2012,/wiki/Piranha_3DD
991,The Possession,2012,/wiki/The_Possession
992,Prometheus,2012,/wiki/Prometheus
993,Puppet Master X: Axis Rising,2012,/wiki/Puppet_Master_X:_Axis_Rising
994,The Raven (2012),2012,/wiki/The_Raven_(2012)
995,REC 3: Genesis,2012,/wiki/REC_3:_Genesis
996,Resident Evil: Damnation,2012,/wiki/Resident_Evil:_Damnation
997,Resident Evil: Retribution,2012,/wiki/Resident_Evil:_Retribution
998,The Revenant,2012,/wiki/The_Revenant
999,Sadako 3D,2012,/wiki/Sadako_3D
1000,Silent Hill: Revelation (2012),2012,/wiki/Silent_Hill:_Revelation_(2012)
1001,Silent House,2012,/wiki/Silent_House
1002,Silent Night,2012,/wiki/Silent_Night
1003,Sinister,2012,/wiki/Sinister
1004,Smiley,2012,/wiki/Smiley
1005,The Tall Man,2012,/wiki/The_Tall_Man
1006,The ABC's of Death,2012,/wiki/The_ABC%27s_of_Death
1007,The Brothers (2012),2012,/wiki/The_Brothers_(2012)
1008,The Cabin in the Woods,2012,/wiki/The_Cabin_in_the_Woods
1009,Under the Bed,2012,/wiki/Under_the_Bed
1010,Underworld: Awakening,2012,/wiki/Underworld:_Awakening
1011,V/H/S,2012,/wiki/V/H/S
1012,Wrong Turn 5: Bloodlines,2012,/wiki/Wrong_Turn_5:_Bloodlines
1013,Alyce Kills (2013),2013,/wiki/Alyce_Kills_(2013)
1014,B.C. (2013),2013,/wiki/B.C._(2013)
1015,Beneath (2013),2013,/wiki/Beneath_(2013)
1016,Carrie (2013),2013,/wiki/Carrie_(2013)
1017,Chastity Bites (2013),2013,/wiki/Chastity_Bites_(2013)
1018,The Colony (2013),2013,/wiki/The_Colony_(2013)
1019,The Conjuring (2013),2013,/wiki/The_Conjuring_(2013)
1020,Contracted (2013),2013,/wiki/Contracted_(2013)
1021,Curse of Chucky (2013),2013,/wiki/Curse_of_Chucky_(2013)
1022,Escape from Tomorrow,2013,/wiki/Escape_from_Tomorrow
1023,Evil Dead (2013),2013,/wiki/Evil_Dead_(2013)
1024,Frankenstein's Army,2013,/wiki/Frankenstein%27s_Army
1025,Ghost Shark,2013,/wiki/Ghost_Shark
1026,Hansel & Gretel: Witch Hunters,2013,/wiki/Hansel_%26_Gretel:_Witch_Hunters
1027,Horns,2013,/wiki/Horns
1028,Inside,2013,/wiki/Inside
1029,Insidious: Chapter 2 (2013),2013,/wiki/Insidious:_Chapter_2_(2013)
1030,Mama,2013,/wiki/Mama
1031,Scary Movie 5,2013,/wiki/Scary_Movie_5
1032,Sharknado,2013,/wiki/Sharknado
1033,Skinwalker Ranch,2013,/wiki/Skinwalker_Ranch
1034,Texas Chainsaw 3D,2013,/wiki/Texas_Chainsaw_3D
1035,The Dead 2: India,2013,/wiki/The_Dead_2:_India
1036,The Purge,2013,/wiki/The_Purge
1037,V/H/S 2,2013,/wiki/V/H/S_2
1038,The Wicked (2013),2013,/wiki/The_Wicked_(2013)
1039,Wolf Creek 2,2013,/wiki/Wolf_Creek_2
1040,World War Z,2013,/wiki/World_War_Z
1041,Annabelle (2014),2014,/wiki/Annabelle_(2014)
1042,"As Above, So Below (2014)",2014,"/wiki/As_Above,_So_Below_(2014)"
1043,At the Devil's Door (2014),2014,/wiki/At_the_Devil%27s_Door_(2014)
1044,Cabin Fever: Patient Zero (2014),2014,/wiki/Cabin_Fever:_Patient_Zero_(2014)
1045,Clown (2014),2014,/wiki/Clown_(2014)
1046,Dark House (2014),2014,/wiki/Dark_House_(2014)
1047,Dead Snow 2: Red vs. Dead (2014),2014,/wiki/Dead_Snow_2:_Red_vs._Dead_(2014)
1048,Devil's Due,2014,/wiki/Devil%27s_Due
1049,The Devil's Hand (2014),2014,/wiki/The_Devil%27s_Hand_(2014)
1050,Dracula Untold,2014,/wiki/Dracula_Untold
1051,Field Freak,2014,/wiki/Field_Freak
1052,Flight 7500,2014,/wiki/Flight_7500
1053,Godzilla (2014),2014,/wiki/Godzilla_(2014)
1054,Kristy,2014,/wiki/Kristy
1055,Leprechaun: Origins,2014,/wiki/Leprechaun:_Origins
1056,Life After Beth,2014,/wiki/Life_After_Beth
1057,Oculus,2014,/wiki/Oculus
1058,Ouija,2014,/wiki/Ouija
1059,Paranormal Activity 4 (2012),2014,/wiki/Paranormal_Activity_4_(2012)
1060,Paranormal Activity: The Marked Ones (2014),2014,/wiki/Paranormal_Activity:_The_Marked_Ones_(2014)
1061,The Pyramid,2014,/wiki/The_Pyramid
1062,The Quiet Ones,2014,/wiki/The_Quiet_Ones
1063,REC 4,2014,/wiki/REC_4
1064,Sharknado 2: The Second One,2014,/wiki/Sharknado_2:_The_Second_One
1065,The ABC's of Death 2,2014,/wiki/The_ABC%27s_of_Death_2
1066,The Babadook,2014,/wiki/The_Babadook
1067,The Dead the Damned and the Darkness,2014,/wiki/The_Dead_the_Damned_and_the_Darkness
1068,The Town That Dreaded Sundown (2014),2014,/wiki/The_Town_That_Dreaded_Sundown_(2014)
1069,V/H/S: Viral,2014,/wiki/V/H/S:_Viral
1070,Wolf Creek 2,2014,/wiki/Wolf_Creek_2
1071,WolfCop,2014,/wiki/WolfCop
1072,Wrong Turn 6: Last Resort,2014,/wiki/Wrong_Turn_6:_Last_Resort
1073,3-Headed Shark Attack (2015),2015,/wiki/3-Headed_Shark_Attack_(2015)
1074,Christmas Slay (2015),2015,/wiki/Christmas_Slay_(2015)
1075,Cooties (2014),2015,/wiki/Cooties_(2014)
1076,Crimson Peak (2015),2015,/wiki/Crimson_Peak_(2015)
1077,The Gallows,2015,/wiki/The_Gallows
1078,Hatred,2015,/wiki/Hatred
1079,Insidious: Chapter 3 (2015),2015,/wiki/Insidious:_Chapter_3_(2015)
1080,Krampus,2015,/wiki/Krampus
1081,Lake Placid vs Anaconda,2015,/wiki/Lake_Placid_vs_Anaconda
1082,Maggie,2015,/wiki/Maggie
1083,Paranormal Activity: The Ghost Dimension (2015),2015,/wiki/Paranormal_Activity:_The_Ghost_Dimension_(2015)
1084,Poltergeist (2015),2015,/wiki/Poltergeist_(2015)
1085,Sharknado 3: Oh Hell No!,2015,/wiki/Sharknado_3:_Oh_Hell_No!
1086,Sinister 2,2015,/wiki/Sinister_2
1087,The Boy Next Door,2015,/wiki/The_Boy_Next_Door
1088,The Funhouse Massacre,2015,/wiki/The_Funhouse_Massacre
1089,The Lazarus Effect (2015),2015,/wiki/The_Lazarus_Effect_(2015)
1090,The Pack (2015),2015,/wiki/The_Pack_(2015)
1091,The Sand,2015,/wiki/The_Sand
1092,Unfriended,2015,/wiki/Unfriended
1093,Victor Frankenstein,2015,/wiki/Victor_Frankenstein
1094,The Visit,2015,/wiki/The_Visit
1095,The Woman in Black 2: Angel of Death,2015,/wiki/The_Woman_in_Black_2:_Angel_of_Death
1096,Atomic Shark (2016),2016,/wiki/Atomic_Shark_(2016)
1097,Before I Wake (2016),2016,/wiki/Before_I_Wake_(2016)
1098,Blair Witch (2016),2016,/wiki/Blair_Witch_(2016)
1099,Boo! A Madea Halloween (2016),2016,/wiki/Boo!_A_Madea_Halloween_(2016)
1100,The Boy (2016),2016,/wiki/The_Boy_(2016)
1101,Cabin Fever (2016),2016,/wiki/Cabin_Fever_(2016)
1102,Colossal (2016),2016,/wiki/Colossal_(2016)
1103,The Conjuring 2 (2016),2016,/wiki/The_Conjuring_2_(2016)
1104,Dam Sharks (2016),2016,/wiki/Dam_Sharks_(2016)
1105,Don't Hang Up,2016,/wiki/Don%27t_Hang_Up
1106,Eloise,2016,/wiki/Eloise
1107,Friend Request (2016),2016,/wiki/Friend_Request_(2016)
1108,Ice Sharks,2016,/wiki/Ice_Sharks
1109,Jack Goes Home,2016,/wiki/Jack_Goes_Home
1110,Krampus: The Devil Returns,2016,/wiki/Krampus:_The_Devil_Returns
1111,Lights Out,2016,/wiki/Lights_Out
1112,Monday at 11:01 A.M.,2016,/wiki/Monday_at_11:01_A.M.
1113,Ouija: Origin of Evil,2016,/wiki/Ouija:_Origin_of_Evil
1114,Phantasm: Ravager,2016,/wiki/Phantasm:_Ravager
1115,Pride and Prejudice and Zombies (2016),2016,/wiki/Pride_and_Prejudice_and_Zombies_(2016)
1116,The Purge: Election Year,2016,/wiki/The_Purge:_Election_Year
1117,Raw,2016,/wiki/Raw
1118,Red Christmas,2016,/wiki/Red_Christmas
1119,Resident Evil: The Final Chapter,2016,/wiki/Resident_Evil:_The_Final_Chapter
1120,Sadako vs. Kayako,2016,/wiki/Sadako_vs._Kayako
1121,Sharknado: The 4th Awakens,2016,/wiki/Sharknado:_The_4th_Awakens
1122,Split (2016),2016,/wiki/Split_(2016)
1123,The Facility of the Living Dead,2016,/wiki/The_Facility_of_the_Living_Dead
1124,The Phantom Hour,2016,/wiki/The_Phantom_Hour
1125,The Unkindness of Ravens,2016,/wiki/The_Unkindness_of_Ravens
1126,Train to Busan,2016,/wiki/Train_to_Busan
1127,Underworld: Blood Wars,2016,/wiki/Underworld:_Blood_Wars
1128,1922 (2017),2017,/wiki/1922_(2017)
1129,47 Meters Down (2017),2017,/wiki/47_Meters_Down_(2017)
1130,6:66 P.M. (2016),2017,/wiki/6:66_P.M._(2016)
1131,Alien: Covenant (2017),2017,/wiki/Alien:_Covenant_(2017)
1132,Amityville: The Awakening (2017),2017,/wiki/Amityville:_The_Awakening_(2017)
1133,Annabelle: Creation (2017),2017,/wiki/Annabelle:_Creation_(2017)
1134,Another WolfCop (2017),2017,/wiki/Another_WolfCop_(2017)
1135,Assumption (2017),2017,/wiki/Assumption_(2017)
1136,Cult of Chucky (2017),2017,/wiki/Cult_of_Chucky_(2017)
1137,Death House,2017,/wiki/Death_House
1138,Gerald's Game,2017,/wiki/Gerald%27s_Game
1139,Get Out,2017,/wiki/Get_Out
1140,Happy Death Day,2017,/wiki/Happy_Death_Day
1141,Jeepers Creepers 3,2017,/wiki/Jeepers_Creepers_3
1142,Jigsaw (2017),2017,/wiki/Jigsaw_(2017)
1143,Kong: Skull Island,2017,/wiki/Kong:_Skull_Island
1144,Leatherface (film),2017,/wiki/Leatherface_(film)
1145,Life,2017,/wiki/Life
1146,The Mummy (2017),2017,/wiki/The_Mummy_(2017)
1147,Night Closes,2017,/wiki/Night_Closes
1148,Playing with Dolls: Havoc,2017,/wiki/Playing_with_Dolls:_Havoc
1149,Puppet Master: Axis Termination,2017,/wiki/Puppet_Master:_Axis_Termination
1150,Resident Evil: Vendetta,2017,/wiki/Resident_Evil:_Vendetta
1151,Restroom,2017,/wiki/Restroom
1152,Rings,2017,/wiki/Rings
1153,Sharknado 5: Global Swarming,2017,/wiki/Sharknado_5:_Global_Swarming
1154,The ABC's of Death 2.5,2017,/wiki/The_ABC%27s_of_Death_2.5
1155,The Babysitter,2017,/wiki/The_Babysitter
1156,The Bye Bye Man,2017,/wiki/The_Bye_Bye_Man
1157,The Dark Tower,2017,/wiki/The_Dark_Tower
1158,The Dulvey Saga,2017,/wiki/The_Dulvey_Saga
1159,The Ritual,2017,/wiki/The_Ritual
1160,4/20 Massacre,2018,/wiki/4/20_Massacre
1161,A Quiet Place (2018),2018,/wiki/A_Quiet_Place_(2018)
1162,Anna and the Apocalypse (2018),2018,/wiki/Anna_and_the_Apocalypse_(2018)
1163,Annihilation (2018),2018,/wiki/Annihilation_(2018)
1164,Bird Box (2018),2018,/wiki/Bird_Box_(2018)
1165,Blood Fest (2018),2018,/wiki/Blood_Fest_(2018)
1166,Boarding School (2018),2018,/wiki/Boarding_School_(2018)
1167,Debi (2018),2018,/wiki/Debi_(2018)
1168,Deep Blue Sea 2,2018,/wiki/Deep_Blue_Sea_2
1169,Glitch,2018,/wiki/Glitch
1170,Greta,2018,/wiki/Greta
1171,Halloween (2018),2018,/wiki/Halloween_(2018)
1172,Hellraiser: Judgment,2018,/wiki/Hellraiser:_Judgment
1173,Hereditary,2018,/wiki/Hereditary
1174,Insidious: The Last Key (2018),2018,/wiki/Insidious:_The_Last_Key_(2018)
1175,Lake Placid: Legacy,2018,/wiki/Lake_Placid:_Legacy
1176,Leprechaun Returns,2018,/wiki/Leprechaun_Returns
1177,The Little Stranger,2018,/wiki/The_Little_Stranger
1178,The Nun (2018),2018,/wiki/The_Nun_(2018)
1179,Overlord,2018,/wiki/Overlord
1180,Patient Zero,2018,/wiki/Patient_Zero
1181,Puppet Master: The Littlest Reich,2018,/wiki/Puppet_Master:_The_Littlest_Reich
1182,Redcon-1,2018,/wiki/Redcon-1
1183,The Return of the Killer Klowns from Outer Space in 3-D,2018,/wiki/The_Return_of_the_Killer_Klowns_from_Outer_Space_in_3-D
1184,"She, Formidable",2018,"/wiki/She,_Formidable"
1185,Slaughterhouse Rulez,2018,/wiki/Slaughterhouse_Rulez
1186,Slender Man (film),2018,/wiki/Slender_Man_(film)
1187,The Farm (2018),2018,/wiki/The_Farm_(2018)
1188,The First Purge,2018,/wiki/The_First_Purge
1189,The House with a Clock in Its Walls,2018,/wiki/The_House_with_a_Clock_in_Its_Walls
1190,The Meg,2018,/wiki/The_Meg
1191,The Possession of Hannah Grace,2018,/wiki/The_Possession_of_Hannah_Grace
1192,The Strangers: Prey at Night,2018,/wiki/The_Strangers:_Prey_at_Night
1193,Truth or Dare,2018,/wiki/Truth_or_Dare
1194,Unfriended: Dark Web,2018,/wiki/Unfriended:_Dark_Web
1195,47 Meters Down: Uncaged (2019),2019,/wiki/47_Meters_Down:_Uncaged_(2019)
1196,An Official Guide to Surviving the Invasion,2019,/wiki/An_Official_Guide_to_Surviving_the_Invasion
1197,Annabelle Comes Home (2019),2019,/wiki/Annabelle_Comes_Home_(2019)
1198,Black Christmas (2019),2019,/wiki/Black_Christmas_(2019)
1199,Blade: The Iron Cross (2019),2019,/wiki/Blade:_The_Iron_Cross_(2019)
1200,Brightburn,2019,/wiki/Brightburn
1201,Child's Play (2019),2019,/wiki/Child%27s_Play_(2019)
1202,Countdown (2019),2019,/wiki/Countdown_(2019)
1203,Cruel Peter,2019,/wiki/Cruel_Peter
1204,Doctor Sleep,2019,/wiki/Doctor_Sleep
1205,Godzilla: King of the Monsters (2019),2019,/wiki/Godzilla:_King_of_the_Monsters_(2019)
1206,Happy Death Day 2U,2019,/wiki/Happy_Death_Day_2U
1207,Haunt (2019),2019,/wiki/Haunt_(2019)
1208,It: Chapter Two (2019),2019,/wiki/It:_Chapter_Two_(2019)
1209,Little Monsters (2019),2019,/wiki/Little_Monsters_(2019)
1210,Ma,2019,/wiki/Ma
1211,Midsommar,2019,/wiki/Midsommar
1212,Pet Sematary (2019),2019,/wiki/Pet_Sematary_(2019)
1213,Ready Or Not (film),2019,/wiki/Ready_Or_Not_(film)
1214,Shed Of The Dead,2019,/wiki/Shed_Of_The_Dead
1215,The Banana Splits Movie (2019),2019,/wiki/The_Banana_Splits_Movie_(2019)
1216,The Curse of La Llorona (2019),2019,/wiki/The_Curse_of_La_Llorona_(2019)
1217,The Gallows: Act II,2019,/wiki/The_Gallows:_Act_II
1218,The Vampyre (2019),2019,/wiki/The_Vampyre_(2019)
1219,The Wretched,2019,/wiki/The_Wretched
1220,Eli,2019,/wiki/Eli
1221,Escape Room,2019,/wiki/Escape_Room
1222,Mary,2019,/wiki/Mary
1223,The Silence,2019,/wiki/The_Silence
1224,Us (2019),2019,/wiki/Us_(2019)
1225,Zombieland: Double Tap,2019,/wiki/Zombieland:_Double_Tap
1226,Brahms: The Boy II,2020,/wiki/Brahms:_The_Boy_II
1227,Corona Zombies,2020,/wiki/Corona_Zombies
1228,Deep Blue Sea 3,2020,/wiki/Deep_Blue_Sea_3
1229,Dick Dynamite 1944,2020,/wiki/Dick_Dynamite_1944
1230,Dreamkatcher,2020,/wiki/Dreamkatcher
1231,Fantasy Island,2020,/wiki/Fantasy_Island
1232,Gretel & Hansel,2020,/wiki/Gretel_%26_Hansel
1233,Intersect,2020,/wiki/Intersect
1234,Samhain (Movie),2020,/wiki/Samhain_(Movie)
1235,She Dies Tomorrow,2020,/wiki/She_Dies_Tomorrow
1236,Sputnik,2020,/wiki/Sputnik
1237,The Babysitter: Killer Queen,2020,/wiki/The_Babysitter:_Killer_Queen
1238,The Blindman,2020,/wiki/The_Blindman
1239,The Grudge (2020),2020,/wiki/The_Grudge_(2020)
1240,The Invisible Man (2020),2020,/wiki/The_Invisible_Man_(2020)
1241,The New Mutants,2020,/wiki/The_New_Mutants
1242,The Other Lamb,2020,/wiki/The_Other_Lamb
1243,The Telling (2020),2020,/wiki/The_Telling_(2020)
1244,Toys of Terror (2020),2020,/wiki/Toys_of_Terror_(2020)
1245,Tremors: Shrieker Island,2020,/wiki/Tremors:_Shrieker_Island
1246,The Turning,2020,/wiki/The_Turning
1247,Underwater (2020),2020,/wiki/Underwater_(2020)
1248,We Summon the Darkness,2020,/wiki/We_Summon_the_Darkness
1249,You Should Have Left,2020,/wiki/You_Should_Have_Left
