Death List Index,Title,Death List URL,Stripped Title,Year
0,A Bay of Blood,/wiki/A_Bay_of_Blood,a bay of blood,
1,A Blade in the Dark,/wiki/A_Blade_in_the_Dark,a blade in dark,
2,A Bucket Of Blood,/wiki/A_Bucket_Of_Blood,a bucket of blood,
3,A Creepshow Animated Special,/wiki/A_Creepshow_Animated_Special,a creepshow animated special,
8,A.M.I,/wiki/A.M.I,a m i,
9,A.N.T. Farm: Mutant Farm,/wiki/A.N.T._Farm:_Mutant_Farm,a n t farm mutant farm,
4,A Nightmare on Elm Street,/wiki/A_Nightmare_on_Elm_Street,a nightmare on elm street,
5,A Quiet Place,/wiki/A_Quiet_Place,a quiet place,
6,A Serbian Film,/wiki/A_Serbian_Film,a serbian film,
7,A Trip to the Moon,/wiki/A_Trip_to_the_Moon,a trip to moon,
10,Aatank,/wiki/Aatank,aatank,
11,Abbott and Costello Meet Frankenstein,/wiki/Abbott_and_Costello_Meet_Frankenstein,abbott and costello meet frankenstein,
12,ABCs of Death,/wiki/ABCs_of_Death,abcs of death,
13,Abominable,/wiki/Abominable,abominable,
14,Abraham Lincoln vs Zombies,/wiki/Abraham_Lincoln_vs_Zombies,abraham lincoln vs zombies,
15,Absurd,/wiki/Absurd,absurd,
16,Aftershock,/wiki/Aftershock,aftershock,
17,"Alice, Sweet Alice","/wiki/Alice,_Sweet_Alice",alice sweet alice,
18,Alien,/wiki/Alien,alien,
19,Alive (2020),/wiki/Alive_(2020),alive,2020
20,All Through The House,/wiki/All_Through_The_House,all through house,
21,Alligator X,/wiki/Alligator_X,alligator x,
22,Alone in the Dark,/wiki/Alone_in_the_Dark,alone in dark,
23,Altered 2006,/wiki/Altered_2006,altered,2006
24,Alyce Kills,/wiki/Alyce_Kills,alyce kills,
959,The Amazing World of Gumball: The Grudge,/wiki/The_Amazing_World_of_Gumball:_The_Grudge,amazing world of gumball grudge,
615,The Amazing World of Gumball: The Grudge,/wiki/The_Amazing_World_of_Gumball:_The_Grudge,amazing world of gumball grudge,
25,American Mary,/wiki/American_Mary,american mary,
26,American Psycho,/wiki/American_Psycho,american psycho,
960,The Amityville Horror,/wiki/The_Amityville_Horror,amityville horror,
616,The Amityville Horror,/wiki/The_Amityville_Horror,amityville horror,
27,Amsterdamned,/wiki/Amsterdamned,amsterdamned,
28,Amusement,/wiki/Amusement,amusement,
29,An American Werewolf,/wiki/An_American_Werewolf,an american werewolf,
30,Anaconda,/wiki/Anaconda,anaconda,
31,Anatomy,/wiki/Anatomy,anatomy,
32,And Then There Were None,/wiki/And_Then_There_Were_None,and then there were none,
33,Animal,/wiki/Animal,animal,
34,Annihilation,/wiki/Annihilation,annihilation,
35,Anthropophagus,/wiki/Anthropophagus,anthropophagus,
36,Antichrist,/wiki/Antichrist,antichrist,
37,Apartment Trilogy (Roman Polanski),/wiki/Apartment_Trilogy_(Roman_Polanski),apartment trilogy roman polanski,
38,Apocalypse Trilogy (John Carpenter),/wiki/Apocalypse_Trilogy_(John_Carpenter),apocalypse trilogy john carpenter,
39,April Fool's Day (1986),/wiki/April_Fool%27s_Day_(1986),april fools day,1986
40,April Fool's Day (2008),/wiki/April_Fool%27s_Day_(2008),april fools day,2008
41,Aqua Teen Hunger Force,/wiki/Aqua_Teen_Hunger_Force,aqua teen hunger force,
42,Aquarius,/wiki/Aquarius,aquarius,
43,Arachnophobia,/wiki/Arachnophobia,arachnophobia,
44,Are You Afraid of the Dark?,/wiki/Are_You_Afraid_of_the_Dark%3F,are you afraid of dark,
45,Area 51 (2015),/wiki/Area_51_(2015),area 51,2015
46,"As Above, So Below","/wiki/As_Above,_So_Below",as above so below,
47,Ash vs Evil Dead,/wiki/Ash_vs_Evil_Dead,ash vs evil dead,
48,Assassination Nation,/wiki/Assassination_Nation,assassination nation,
49,Assimilate,/wiki/Assimilate,assimilate,
55,Attack the Block,/wiki/Attack_the_Block,attack block,
50,Attack of the Crab Monsters,/wiki/Attack_of_the_Crab_Monsters,attack of crab monsters,
51,Attack of the Giant Leeches,/wiki/Attack_of_the_Giant_Leeches,attack of giant leeches,
52,Attack Of the Killer Donuts,/wiki/Attack_Of_the_Killer_Donuts,attack of killer donuts,
53,Attack of the Killer Tomatoes,/wiki/Attack_of_the_Killer_Tomatoes,attack of killer tomatoes,
54,Attack of the Sabretooth,/wiki/Attack_of_the_Sabretooth,attack of sabretooth,
617,The Autopsy of Jane Doe,/wiki/The_Autopsy_of_Jane_Doe,autopsy of jane doe,
961,The Autopsy of Jane Doe,/wiki/The_Autopsy_of_Jane_Doe,autopsy of jane doe,
56,Axe Giant: The Wrath of Paul Bunyan,/wiki/Axe_Giant:_The_Wrath_of_Paul_Bunyan,axe giant wrath of paul bunyan,
57,Aztec Rex,/wiki/Aztec_Rex,aztec rex,
962,The Babadook,/wiki/The_Babadook,babadook,
618,The Babadook,/wiki/The_Babadook,babadook,
619,The Babysitter,/wiki/The_Babysitter,babysitter,
963,The Babysitter,/wiki/The_Babysitter,babysitter,
620,The Babysitter (2017),/wiki/The_Babysitter_(2017),babysitter,2017
964,The Babysitter (2017),/wiki/The_Babysitter_(2017),babysitter,2017
965,The Babysitter: Killer Queen,/wiki/The_Babysitter:_Killer_Queen,babysitter killer queen,
621,The Babysitter: Killer Queen,/wiki/The_Babysitter:_Killer_Queen,babysitter killer queen,
58,Bad Blood,/wiki/Bad_Blood,bad blood,
59,Bad Dream,/wiki/Bad_Dream,bad dream,
60,Bad Meat,/wiki/Bad_Meat,bad meat,
61,Bad Moon,/wiki/Bad_Moon,bad moon,
62,Bad Reputation,/wiki/Bad_Reputation,bad reputation,
63,Bad Taste,/wiki/Bad_Taste,bad taste,
966,The Banana Splits Movie,/wiki/The_Banana_Splits_Movie,banana splits movie,
622,The Banana Splits Movie,/wiki/The_Banana_Splits_Movie,banana splits movie,
64,Barn of the Blood Llama,/wiki/Barn_of_the_Blood_Llama,barn of blood llama,
65,Basement Jack,/wiki/Basement_Jack,basement jack,
66,Basic Instinct,/wiki/Basic_Instinct,basic instinct,
67,Basket Case,/wiki/Basket_Case,basket case,
68,Beaks The Movie,/wiki/Beaks_The_Movie,beaks movie,
623,The Beast of Hollow Mountain,/wiki/The_Beast_of_Hollow_Mountain,beast of hollow mountain,
967,The Beast of Hollow Mountain,/wiki/The_Beast_of_Hollow_Mountain,beast of hollow mountain,
69,Beetlejuice,/wiki/Beetlejuice,beetlejuice,
624,The Being,/wiki/The_Being,being,
968,The Being,/wiki/The_Being,being,
969,The Belko Experiment,/wiki/The_Belko_Experiment,belko experiment,
625,The Belko Experiment,/wiki/The_Belko_Experiment,belko experiment,
70,Berserker,/wiki/Berserker,berserker,
71,Better Watch Out (2016),/wiki/Better_Watch_Out_(2016),better watch out,2016
970,The Beyond,/wiki/The_Beyond,beyond,
626,The Beyond,/wiki/The_Beyond,beyond,
72,Bigfoot,/wiki/Bigfoot,bigfoot,
73,Bird Box,/wiki/Bird_Box,bird box,
971,The Bird with the Crystal Plumage,/wiki/The_Bird_with_the_Crystal_Plumage,bird with crystal plumage,
627,The Bird with the Crystal Plumage,/wiki/The_Bird_with_the_Crystal_Plumage,bird with crystal plumage,
628,The Birds,/wiki/The_Birds,birds,
972,The Birds,/wiki/The_Birds,birds,
74,Black Christmas,/wiki/Black_Christmas,black christmas,
75,Black Sheep,/wiki/Black_Sheep,black sheep,
629,The Blackout,/wiki/The_Blackout,blackout,
973,The Blackout,/wiki/The_Blackout,blackout,
76,Blade,/wiki/Blade,blade,
77,Blair Witch Project,/wiki/Blair_Witch_Project,blair witch project,
630,The Blob,/wiki/The_Blob,blob,
975,The Blob (1988),/wiki/The_Blob_(1988),blob,1988
974,The Blob,/wiki/The_Blob,blob,
631,The Blob (1988),/wiki/The_Blob_(1988),blob,1988
78,Blood beach,/wiki/Blood_beach,blood beach,
79,Blood Feast,/wiki/Blood_Feast,blood feast,
80,Blood Harvest,/wiki/Blood_Harvest,blood harvest,
81,Blood Quantum,/wiki/Blood_Quantum,blood quantum,
82,Blood Rage,/wiki/Blood_Rage,blood rage,
83,Blood Surf,/wiki/Blood_Surf,blood surf,
84,Bloodrage,/wiki/Bloodrage,bloodrage,
85,Bloody Birthday,/wiki/Bloody_Birthday,bloody birthday,
86,Bloody Bloody Bible Camp,/wiki/Bloody_Bloody_Bible_Camp,bloody bloody bible camp,
87,Bloody Moon,/wiki/Bloody_Moon,bloody moon,
88,Bloody New Year,/wiki/Bloody_New_Year,bloody new year,
89,Blue Ruin,/wiki/Blue_Ruin,blue ruin,
90,Body Melt,/wiki/Body_Melt,body melt,
91,Bone Eater,/wiki/Bone_Eater,bone eater,
976,The Bone Snatcher,/wiki/The_Bone_Snatcher,bone snatcher,
632,The Bone Snatcher,/wiki/The_Bone_Snatcher,bone snatcher,
92,Bones,/wiki/Bones,bones,
977,The Boneyard,/wiki/The_Boneyard,boneyard,
633,The Boneyard,/wiki/The_Boneyard,boneyard,
93,Boogeyman,/wiki/Boogeyman,boogeyman,
94,Book of Monsters,/wiki/Book_of_Monsters,book of monsters,
95,Brain Damage,/wiki/Brain_Damage,brain damage,
96,Brett Kavanaugh's Little Judicary Shop of Horrors,/wiki/Brett_Kavanaugh%27s_Little_Judicary_Shop_of_Horrors,brett kavanaughs little judicary shop of horrors,
97,Brightburn,/wiki/Brightburn,brightburn,
98,Brightburn Universe,/wiki/Brightburn_Universe,brightburn universe,
99,"BRUCE LEE vs Freddy, Jason, Leatherface & Michael Myers","/wiki/BRUCE_LEE_vs_Freddy,_Jason,_Leatherface_%26_Michael_Myers",bruce lee vs freddy jason leatherface michael myers,
100,Bugs (2003),/wiki/Bugs_(2003),bugs,2003
101,Bunnyman (Series),/wiki/Bunnyman_(Series),bunnyman series,
978,The Burning,/wiki/The_Burning,burning,
634,The Burning,/wiki/The_Burning,burning,
635,The Butchers,/wiki/The_Butchers,butchers,
979,The Butchers,/wiki/The_Butchers,butchers,
102,Cabin Fever,/wiki/Cabin_Fever,cabin fever,
636,The Cabin In the Woods,/wiki/The_Cabin_In_the_Woods,cabin in woods,
980,The Cabin In the Woods,/wiki/The_Cabin_In_the_Woods,cabin in woods,
103,"Caltiki, the Immortal Monster","/wiki/Caltiki,_the_Immortal_Monster",caltiki immortal monster,
104,Candyman,/wiki/Candyman,candyman,
105,Cannibal Campout,/wiki/Cannibal_Campout,cannibal campout,
637,The Car,/wiki/The_Car,car,
981,The Car,/wiki/The_Car,car,
106,Cargo,/wiki/Cargo,cargo,
107,Carnage Counts Lego Intros,/wiki/Carnage_Counts_Lego_Intros,carnage counts lego intros,
108,Carrie,/wiki/Carrie,carrie,
232,Category:Film series,/wiki/Category:Film_series,category film series,
109,Cell (2016),/wiki/Cell_(2016),cell,2016
110,Chainsaw Maid,/wiki/Chainsaw_Maid,chainsaw maid,
638,The Changeling,/wiki/The_Changeling,changeling,
982,The Changeling,/wiki/The_Changeling,changeling,
111,Chawz,/wiki/Chawz,chawz,
112,Chernobyl Diaries,/wiki/Chernobyl_Diaries,chernobyl diaries,
639,The Children,/wiki/The_Children,children,
983,The Children,/wiki/The_Children,children,
115,Children of the Corn,/wiki/Children_of_the_Corn,children of corn,
116,Children Shouldn't Play with Dead Things,/wiki/Children_Shouldn%27t_Play_with_Dead_Things,children shouldnt play with dead things,
113,Child's Play,/wiki/Child%27s_Play,childs play,
114,Child's Play (2019),/wiki/Child%27s_Play_(2019),childs play,2019
117,Chopping Mall,/wiki/Chopping_Mall,chopping mall,
118,Chorakhe,/wiki/Chorakhe,chorakhe,
119,Christina's House,/wiki/Christina%27s_House,christinas house,
120,Christine,/wiki/Christine,christine,
121,Christmas Evil,/wiki/Christmas_Evil,christmas evil,
122,Christmas With Cookie,/wiki/Christmas_With_Cookie,christmas with cookie,
123,Chronicle,/wiki/Chronicle,chronicle,
124,Chucky vs Five Nights at Freddy's vs Toy Story,/wiki/Chucky_vs_Five_Nights_at_Freddy%27s_vs_Toy_Story,chucky vs five nights at freddys vs toy story,
984,The Church,/wiki/The_Church,church,
640,The Church,/wiki/The_Church,church,
125,Circle (2015),/wiki/Circle_(2015),circle,2015
126,Circus Kane,/wiki/Circus_Kane,circus kane,
127,City of Blood,/wiki/City_of_Blood,city of blood,
128,City of the Living Dead,/wiki/City_of_the_Living_Dead,city of living dead,
129,Class of 1984/1999,/wiki/Class_of_1984/1999,class of 1984 1999,
130,Cloverfield,/wiki/Cloverfield,cloverfield,
132,Clown (2014),/wiki/Clown_(2014),clown,2014
131,Clown,/wiki/Clown,clown,
133,Clownado,/wiki/Clownado,clownado,
134,Clownhouse,/wiki/Clownhouse,clownhouse,
985,The Collection,/wiki/The_Collection,collection,
641,The Collection,/wiki/The_Collection,collection,
135,Come to Daddy,/wiki/Come_to_Daddy,come to daddy,
986,The Comeback,/wiki/The_Comeback,comeback,
642,The Comeback,/wiki/The_Comeback,comeback,
643,The Conjuring Universe,/wiki/The_Conjuring_Universe,conjuring universe,
987,The Conjuring Universe,/wiki/The_Conjuring_Universe,conjuring universe,
136,Cooties,/wiki/Cooties,cooties,
137,Copperhead,/wiki/Copperhead,copperhead,
138,Coraline,/wiki/Coraline,coraline,
139,Corona Zombies,/wiki/Corona_Zombies,corona zombies,
140,Corpse Party Tortured Souls,/wiki/Corpse_Party_Tortured_Souls,corpse party tortured souls,
141,Countdown,/wiki/Countdown,countdown,
142,Crawl,/wiki/Crawl,crawl,
988,The Crazies,/wiki/The_Crazies,crazies,
644,The Crazies,/wiki/The_Crazies,crazies,
143,Creature 1985,/wiki/Creature_1985,creature,1985
144,Creep,/wiki/Creep,creep,
145,Creepshow,/wiki/Creepshow,creepshow,
146,Criminally Insane,/wiki/Criminally_Insane,criminally insane,
147,Crimson Peak,/wiki/Crimson_Peak,crimson peak,
148,Critters,/wiki/Critters,critters,
149,Crocodile Fury,/wiki/Crocodile_Fury,crocodile fury,
150,Cthulhu Mansion,/wiki/Cthulhu_Mansion,cthulhu mansion,
151,Cthulhu Mythos,/wiki/Cthulhu_Mythos,cthulhu mythos,
152,Cube,/wiki/Cube,cube,
153,Cujo,/wiki/Cujo,cujo,
154,Cut and Run,/wiki/Cut_and_Run,cut and run,
155,Cutting Glass,/wiki/Cutting_Glass,cutting glass,
156,Daddy's Girl,/wiki/Daddy%27s_Girl,daddys girl,
157,Dahmer vs Gacy,/wiki/Dahmer_vs_Gacy,dahmer vs gacy,
158,Dance of the Dead,/wiki/Dance_of_the_Dead,dance of dead,
159,Dark Bottom (novel),/wiki/Dark_Bottom_(novel),dark bottom novel,
160,Dark Island,/wiki/Dark_Island,dark island,
161,Dark Universe,/wiki/Dark_Universe,dark universe,
162,Dark Waters,/wiki/Dark_Waters,dark waters,
989,The Darkest Hour,/wiki/The_Darkest_Hour,darkest hour,
645,The Darkest Hour,/wiki/The_Darkest_Hour,darkest hour,
163,David Guetta - She Wolf (Falling To Pieces) ft. Sia,/wiki/David_Guetta_-_She_Wolf_(Falling_To_Pieces)_ft._Sia,david guetta she wolf falling to pieces ft sia,
164,Dawn of the Dead,/wiki/Dawn_of_the_Dead,dawn of dead,
165,Day of the Dead,/wiki/Day_of_the_Dead,day of dead,
166,Dead Alive/Braindead,/wiki/Dead_Alive/Braindead,dead alive braindead,
990,The Dead Don’t Die,/wiki/The_Dead_Don%E2%80%99t_Die,dead don t die,
646,The Dead Don’t Die,/wiki/The_Dead_Don%E2%80%99t_Die,dead don t die,
167,Dead Heat,/wiki/Dead_Heat,dead heat,
168,Dead Meat,/wiki/Dead_Meat,dead meat,
169,Dead Meat Killcounts,/wiki/Dead_Meat_Killcounts,dead meat killcounts,
170,Dead Silence,/wiki/Dead_Silence,dead silence,
171,Dead Snow,/wiki/Dead_Snow,dead snow,
172,Dead Space Films,/wiki/Dead_Space_Films,dead space films,
991,The Dead Zone,/wiki/The_Dead_Zone,dead zone,
647,The Dead Zone,/wiki/The_Dead_Zone,dead zone,
173,Deadly Blessing,/wiki/Deadly_Blessing,deadly blessing,
174,Deadly Friend,/wiki/Deadly_Friend,deadly friend,
648,The Deadly Spawn,/wiki/The_Deadly_Spawn,deadly spawn,
992,The Deadly Spawn,/wiki/The_Deadly_Spawn,deadly spawn,
175,Deat Heat,/wiki/Deat_Heat,deat heat,
176,Death Note (2017),/wiki/Death_Note_(2017),death note,2017
177,Death Nurse,/wiki/Death_Nurse,death nurse,
178,Death Proof,/wiki/Death_Proof,death proof,
179,Deep in the Woods,/wiki/Deep_in_the_Woods,deep in woods,
180,Deep Red,/wiki/Deep_Red,deep red,
181,Deep Rising,/wiki/Deep_Rising,deep rising,
182,Deform,/wiki/Deform,deform,
183,Deformed Gecko,/wiki/Deformed_Gecko,deformed gecko,
184,Deliverance,/wiki/Deliverance,deliverance,
185,Demonic Toys,/wiki/Demonic_Toys,demonic toys,
186,Demons,/wiki/Demons,demons,
649,The Dentist,/wiki/The_Dentist,dentist,
993,The Dentist,/wiki/The_Dentist,dentist,
650,The Depression Trilogy,/wiki/The_Depression_Trilogy,depression trilogy,
994,The Depression Trilogy,/wiki/The_Depression_Trilogy,depression trilogy,
995,The Descent,/wiki/The_Descent,descent,
651,The Descent,/wiki/The_Descent,descent,
187,Detention,/wiki/Detention,detention,
188,Devil,/wiki/Devil,devil,
189,Devil Times Five,/wiki/Devil_Times_Five,devil times five,
190,Devilman,/wiki/Devilman,devilman,
191,Disturbia,/wiki/Disturbia,disturbia,
192,Dog Soldiers,/wiki/Dog_Soldiers,dog soldiers,
193,Doghouse,/wiki/Doghouse,doghouse,
200,Donnie Darko,/wiki/Donnie_Darko,donnie darko,
194,Don't Blink,/wiki/Don%27t_Blink,dont blink,
195,Don't Breathe,/wiki/Don%27t_Breathe,dont breathe,
196,Don't Go In the House,/wiki/Don%27t_Go_In_the_House,dont go in house,
197,Don't Go In The Woods,/wiki/Don%27t_Go_In_The_Woods,dont go in woods,
198,Don't Go To Sleep,/wiki/Don%27t_Go_To_Sleep,dont go to sleep,
199,Don't Open Till Christmas,/wiki/Don%27t_Open_Till_Christmas,dont open till christmas,
201,Doom Asylum,/wiki/Doom_Asylum,doom asylum,
202,Downrage,/wiki/Downrage,downrage,
203,Dracula,/wiki/Dracula,dracula,
206,Dracula 3D,/wiki/Dracula_3D,dracula 3d,
204,Dracula (Hammer),/wiki/Dracula_(Hammer),dracula hammer,
205,Dracula (Wes Craven),/wiki/Dracula_(Wes_Craven),dracula wes craven,
207,Drag Me to Hell,/wiki/Drag_Me_to_Hell,drag me to hell,
208,Dream Home,/wiki/Dream_Home,dream home,
209,Dreamcatcher,/wiki/Dreamcatcher,dreamcatcher,
211,Drive-In Massacre,/wiki/Drive-In_Massacre,drive in massacre,
210,Drive Thru,/wiki/Drive_Thru,drive thru,
212,Dying Breed,/wiki/Dying_Breed,dying breed,
213,Easter Casket,/wiki/Easter_Casket,easter casket,
214,Edge of the Axe,/wiki/Edge_of_the_Axe,edge of axe,
215,Eight Legged Freaks,/wiki/Eight_Legged_Freaks,eight legged freaks,
216,Eraserhead,/wiki/Eraserhead,eraserhead,
217,Ernest Scared Stupid,/wiki/Ernest_Scared_Stupid,ernest scared stupid,
218,Event Horizon,/wiki/Event_Horizon,event horizon,
219,Evil Bong,/wiki/Evil_Bong,evil bong,
221,Evil Dead (2013),/wiki/Evil_Dead_(2013),evil dead,2013
220,Evil Dead,/wiki/Evil_Dead,evil dead,
996,The Evil Dead (Film Series),/wiki/The_Evil_Dead_(Film_Series),evil dead film series,
652,The Evil Dead (Film Series),/wiki/The_Evil_Dead_(Film_Series),evil dead film series,
222,Evil Dead Trap,/wiki/Evil_Dead_Trap,evil dead trap,
223,Evil Ed,/wiki/Evil_Ed,evil ed,
997,The Execution of Mary Stuart,/wiki/The_Execution_of_Mary_Stuart,execution of mary stuart,
653,The Execution of Mary Stuart,/wiki/The_Execution_of_Mary_Stuart,execution of mary stuart,
654,The Exorcist,/wiki/The_Exorcist,exorcist,
998,The Exorcist,/wiki/The_Exorcist,exorcist,
655,The Experiment,/wiki/The_Experiment,experiment,
999,The Experiment,/wiki/The_Experiment,experiment,
224,Extracurricular,/wiki/Extracurricular,extracurricular,
225,Faeriefamiliarfilms's Friday the 13th,/wiki/Faeriefamiliarfilms%27s_Friday_the_13th,faeriefamiliarfilmss friday 13th,
226,Famine,/wiki/Famine,famine,
227,Fantasy Island,/wiki/Fantasy_Island,fantasy island,
228,Fatal Games,/wiki/Fatal_Games,fatal games,
229,Fear The Walking Dead,/wiki/Fear_The_Walking_Dead,fear walking dead,
230,Feardotcom,/wiki/Feardotcom,feardotcom,
231,Fiend Without a Face,/wiki/Fiend_Without_a_Face,fiend without a face,
233,Final Destination,/wiki/Final_Destination,final destination,
234,Final Exam,/wiki/Final_Exam,final exam,
235,Fire and Ice,/wiki/Fire_and_Ice,fire and ice,
236,Firefly Trilogy (Rob Zombie),/wiki/Firefly_Trilogy_(Rob_Zombie),firefly trilogy rob zombie,
1000,The First Power,/wiki/The_First_Power,first power,
656,The First Power,/wiki/The_First_Power,first power,
237,Fist of Jesus,/wiki/Fist_of_Jesus,fist of jesus,
238,Five Nights at Freddy's vs Freddy Krueger,/wiki/Five_Nights_at_Freddy%27s_vs_Freddy_Krueger,five nights at freddys vs freddy krueger,
239,Flight 666,/wiki/Flight_666,flight 666,
657,The Fly,/wiki/The_Fly,fly,
1001,The Fly,/wiki/The_Fly,fly,
658,The Fly (Remake Series),/wiki/The_Fly_(Remake_Series),fly remake series,
1002,The Fly (Remake Series),/wiki/The_Fly_(Remake_Series),fly remake series,
240,Flying Monkeys,/wiki/Flying_Monkeys,flying monkeys,
659,The Fog,/wiki/The_Fog,fog,
1003,The Fog,/wiki/The_Fog,fog,
241,Food of the Gods,/wiki/Food_of_the_Gods,food of gods,
660,The Forsaken,/wiki/The_Forsaken,forsaken,
242,Frailty,/wiki/Frailty,frailty,
243,Frankenhooker,/wiki/Frankenhooker,frankenhooker,
244,Frankenstein,/wiki/Frankenstein,frankenstein,
245,Frankenstein (1931),/wiki/Frankenstein_(1931),frankenstein,1931
246,Freaky,/wiki/Freaky,freaky,
247,Freddy Krueger vs Jason Voorhees Parody Animation,/wiki/Freddy_Krueger_vs_Jason_Voorhees_Parody_Animation,freddy krueger vs jason voorhees parody animation,
248,Freddy vs Jason vs Michael,/wiki/Freddy_vs_Jason_vs_Michael,freddy vs jason vs michael,
249,Frenzy,/wiki/Frenzy,frenzy,
250,Friday the 13th,/wiki/Friday_the_13th,friday 13th,
251,Friend Request,/wiki/Friend_Request,friend request,
252,Fright Night,/wiki/Fright_Night,fright night,
661,The Frighteners,/wiki/The_Frighteners,frighteners,
253,From Beyond,/wiki/From_Beyond,from beyond,
254,From Dusk Till Dawn,/wiki/From_Dusk_Till_Dawn,from dusk till dawn,
255,From Hell It Came,/wiki/From_Hell_It_Came,from hell it came,
256,Frozen (2010),/wiki/Frozen_(2010),frozen,2010
257,Fun Size Horror,/wiki/Fun_Size_Horror,fun size horror,
258,Funhouse,/wiki/Funhouse,funhouse,
662,The Funhouse,/wiki/The_Funhouse,funhouse,
259,Garden of Love,/wiki/Garden_of_Love,garden of love,
260,Garuda,/wiki/Garuda,garuda,
261,Gates of Hell Trilogy (Lucio Fulci),/wiki/Gates_of_Hell_Trilogy_(Lucio_Fulci),gates of hell trilogy lucio fulci,
262,Geoshea's Creepypastas,/wiki/Geoshea%27s_Creepypastas,geosheas creepypastas,
263,Get Out,/wiki/Get_Out,get out,
264,Ghost Burger,/wiki/Ghost_Burger,ghost burger,
265,Ghost Shark,/wiki/Ghost_Shark,ghost shark,
266,Ghost Shark 2: Urban Jaws,/wiki/Ghost_Shark_2:_Urban_Jaws,ghost shark 2 urban jaws,
267,Ghost Ship,/wiki/Ghost_Ship,ghost ship,
268,Ghostbusters,/wiki/Ghostbusters,ghostbusters,
269,Ghosthouse,/wiki/Ghosthouse,ghosthouse,
270,Ghoulies,/wiki/Ghoulies,ghoulies,
663,The Giant Spider Invasion,/wiki/The_Giant_Spider_Invasion,giant spider invasion,
664,The Gingerdead Man,/wiki/The_Gingerdead_Man,gingerdead man,
665,The Girl Next Door (2007),/wiki/The_Girl_Next_Door_(2007),girl next door,2007
271,Girls Nite Out,/wiki/Girls_Nite_Out,girls nite out,
272,Godzilla,/wiki/Godzilla,godzilla,
273,Goosebumps (Films),/wiki/Goosebumps_(Films),goosebumps films,
274,Graduation Day,/wiki/Graduation_Day,graduation day,
275,Graveyard Shift,/wiki/Graveyard_Shift,graveyard shift,
666,The Green Inferno,/wiki/The_Green_Inferno,green inferno,
276,Gremlins,/wiki/Gremlins,gremlins,
277,Gretel and Hansel,/wiki/Gretel_and_Hansel,gretel and hansel,
278,Grizzly,/wiki/Grizzly,grizzly,
279,Grotesque,/wiki/Grotesque,grotesque,
667,The Grudge,/wiki/The_Grudge,grudge,
280,Gutterballs,/wiki/Gutterballs,gutterballs,
281,Guyver,/wiki/Guyver,guyver,
282,Halloween,/wiki/Halloween,halloween,
283,Hambuster,/wiki/Hambuster,hambuster,
284,Hamlet,/wiki/Hamlet,hamlet,
668,The Hand (1981),/wiki/The_Hand_(1981),hand,1981
669,The Hand That Rocks The Cradle,/wiki/The_Hand_That_Rocks_The_Cradle,hand that rocks cradle,
285,Hannibal,/wiki/Hannibal,hannibal,
670,The Happening,/wiki/The_Happening,happening,
286,Happy Birthday To Me,/wiki/Happy_Birthday_To_Me,happy birthday to me,
287,Happy Death Day,/wiki/Happy_Death_Day,happy death day,
288,Happy Tree Friends,/wiki/Happy_Tree_Friends,happy tree friends,
289,Happy Tree Friends in K . Vinsfox,/wiki/Happy_Tree_Friends_in_K_._Vinsfox,happy tree friends in k vinsfox,
290,Happy Tree Friends in Nemao,/wiki/Happy_Tree_Friends_in_Nemao,happy tree friends in nemao,
671,The Happytime Murders,/wiki/The_Happytime_Murders,happytime murders,
291,Hatchet,/wiki/Hatchet,hatchet,
292,Haunt,/wiki/Haunt,haunt,
293,Hausu,/wiki/Hausu,hausu,
294,Hayride,/wiki/Hayride,hayride,
295,HazMat,/wiki/HazMat,hazmat,
296,He Knows You're Alone,/wiki/He_Knows_You%27re_Alone,he knows youre alone,
297,Headed Shark Attack,/wiki/Headed_Shark_Attack,headed shark attack,
298,Heebie Jeebies,/wiki/Heebie_Jeebies,heebie jeebies,
299,Hell Fest,/wiki/Hell_Fest,hell fest,
300,Hellbent,/wiki/Hellbent,hellbent,
301,Hellraiser,/wiki/Hellraiser,hellraiser,
302,Henry: Portrait of a Serial Killer,/wiki/Henry:_Portrait_of_a_Serial_Killer,henry portrait of a serial killer,
303,Hereditary,/wiki/Hereditary,hereditary,
304,Hide and Go Shriek,/wiki/Hide_and_Go_Shriek,hide and go shriek,
305,High Tension,/wiki/High_Tension,high tension,
306,Highway 91,/wiki/Highway_91,highway 91,
672,The Hills Have Eyes,/wiki/The_Hills_Have_Eyes,hills have eyes,
673,The Hills Run Red,/wiki/The_Hills_Run_Red,hills run red,
307,Hobo With A Shotgun,/wiki/Hobo_With_A_Shotgun,hobo with a shotgun,
308,Hocus Pocus,/wiki/Hocus_Pocus,hocus pocus,
674,The Hole (2001),/wiki/The_Hole_(2001),hole,2001
309,Hollow Man,/wiki/Hollow_Man,hollow man,
310,Home,/wiki/Home,home,
311,Home For The Holidays,/wiki/Home_For_The_Holidays,home for holidays,
312,Home Sweet Home,/wiki/Home_Sweet_Home,home sweet home,
313,Hostel,/wiki/Hostel,hostel,
314,Hot Wheels Attack Pack The Movie,/wiki/Hot_Wheels_Attack_Pack_The_Movie,hot wheels attack pack movie,
315,House,/wiki/House,house,
316,House (1986),/wiki/House_(1986),house,1986
675,The House by the Cemetery,/wiki/The_House_by_the_Cemetery,house by cemetery,
317,House of Wax,/wiki/House_of_Wax,house of wax,
318,House on Haunted Hill,/wiki/House_on_Haunted_Hill,house on haunted hill,
676,The House on Sorority Row,/wiki/The_House_on_Sorority_Row,house on sorority row,
677,The House on Sorority Row (Series),/wiki/The_House_on_Sorority_Row_(Series),house on sorority row series,
678,The Howling,/wiki/The_Howling,howling,
679,The Human Centipede,/wiki/The_Human_Centipede,human centipede,
319,Humanoids from the Deep,/wiki/Humanoids_from_the_Deep,humanoids from deep,
680,The Hunger,/wiki/The_Hunger,hunger,
681,The Hunt,/wiki/The_Hunt,hunt,
320,Hush,/wiki/Hush,hush,
321,"Hush...Hush, Sweet Charlotte","/wiki/Hush...Hush,_Sweet_Charlotte",hush hush sweet charlotte,
322,Hydra,/wiki/Hydra,hydra,
323,Hydra (2009),/wiki/Hydra_(2009),hydra,2009
324,I Am Legend,/wiki/I_Am_Legend,i am legend,
325,I Know What You Did Last Summer,/wiki/I_Know_What_You_Did_Last_Summer,i know what you did last summer,
326,I Spit On Your Grave,/wiki/I_Spit_On_Your_Grave,i spit on your grave,
328,Ice Cream Man,/wiki/Ice_Cream_Man,ice cream man,
329,Ice Road Terror,/wiki/Ice_Road_Terror,ice road terror,
330,Idle Hands,/wiki/Idle_Hands,idle hands,
331,In the Mouth of Madness,/wiki/In_the_Mouth_of_Madness,in mouth of madness,
332,In the Shadow of Kilimanjaro,/wiki/In_the_Shadow_of_Kilimanjaro,in shadow of kilimanjaro,
333,Inbred,/wiki/Inbred,inbred,
682,The Incredible Melting Man,/wiki/The_Incredible_Melting_Man,incredible melting man,
683,The Incredibly Strange Creatures Who Stopped Living and Became Mixed-Up Zombies,/wiki/The_Incredibly_Strange_Creatures_Who_Stopped_Living_and_Became_Mixed-Up_Zombies,incredibly strange creatures who stopped living and became mixed up zombies,
334,Inferno (1980),/wiki/Inferno_(1980),inferno,1980
335,Inside (2007),/wiki/Inside_(2007),inside,2007
336,Insidious,/wiki/Insidious,insidious,
337,Intruder (1989),/wiki/Intruder_(1989),intruder,1989
685,The Invisible Man (2020),/wiki/The_Invisible_Man_(2020),invisible man,2020
684,The Invisible Man (1933),/wiki/The_Invisible_Man_(1933),invisible man,1933
686,The Invisible Man (Series),/wiki/The_Invisible_Man_(Series),invisible man series,
687,The Invitation,/wiki/The_Invitation,invitation,
338,It (1990's),/wiki/It_(1990%27s),it,1990
339,It (2017),/wiki/It_(2017),it,2017
341,It Conquered the World,/wiki/It_Conquered_the_World,it conquered world,
340,It (film series),/wiki/It_(film_series),it film series,
342,It Follows,/wiki/It_Follows,it follows,
343,It's Alive,/wiki/It%27s_Alive,its alive,
327,I've Been Waiting For You,/wiki/I%27ve_Been_Waiting_For_You,ive been waiting for you,
344,Jack Brooks: Monster Slayer,/wiki/Jack_Brooks:_Monster_Slayer,jack brooks monster slayer,
345,Jack Frost,/wiki/Jack_Frost,jack frost,
346,Jacob,/wiki/Jacob,jacob,
347,Jason Voorhees Personal Trailer,/wiki/Jason_Voorhees_Personal_Trailer,jason voorhees personal trailer,
348,Jaws,/wiki/Jaws,jaws,
349,Jeepers Creepers,/wiki/Jeepers_Creepers,jeepers creepers,
350,Jennifer’s Body,/wiki/Jennifer%E2%80%99s_Body,jennifer s body,
351,Jersey Shore Shark Attack,/wiki/Jersey_Shore_Shark_Attack,jersey shore shark attack,
353,Jigsaw (2002),/wiki/Jigsaw_(2002),jigsaw,2002
352,Jigsaw,/wiki/Jigsaw,jigsaw,
354,Jolly Roger: Massacre at Cutter's Cove,/wiki/Jolly_Roger:_Massacre_at_Cutter%27s_Cove,jolly roger massacre at cutters cove,
355,Joy Ride,/wiki/Joy_Ride,joy ride,
356,Ju-On Series,/wiki/Ju-On_Series,ju on series,
357,Julia's Eyes,/wiki/Julia%27s_Eyes,julias eyes,
358,Jurassic City,/wiki/Jurassic_City,jurassic city,
688,The Jurassic Games,/wiki/The_Jurassic_Games,jurassic games,
359,Jurassic Park,/wiki/Jurassic_Park,jurassic park,
360,Just Before Dawn,/wiki/Just_Before_Dawn,just before dawn,
361,Kavra Animations,/wiki/Kavra_Animations,kavra animations,
362,"Kill, Baby... Kill!","/wiki/Kill,_Baby..._Kill!",kill baby kill,
363,Killer Beach/The Sand,/wiki/Killer_Beach/The_Sand,killer beach sand,
364,Killer Kart,/wiki/Killer_Kart,killer kart,
365,Killer Klowns from Outerspace,/wiki/Killer_Klowns_from_Outerspace,killer klowns from outerspace,
366,Killer Mermaid,/wiki/Killer_Mermaid,killer mermaid,
367,Killer Movie,/wiki/Killer_Movie,killer movie,
368,Killer Piñata,/wiki/Killer_Pi%C3%B1ata,killer piñata,
689,The Killer Shrews,/wiki/The_Killer_Shrews,killer shrews,
369,Killer Sofa,/wiki/Killer_Sofa,killer sofa,
370,Killing Spree,/wiki/Killing_Spree,killing spree,
371,King Kong,/wiki/King_Kong,king kong,
372,Klown Kamp Massacre,/wiki/Klown_Kamp_Massacre,klown kamp massacre,
374,Komodo (1999),/wiki/Komodo_(1999),komodo,1999
373,Komodo,/wiki/Komodo,komodo,
375,Krampus,/wiki/Krampus,krampus,
376,Laid To Rest,/wiki/Laid_To_Rest,laid to rest,
377,Laika Studio Animations,/wiki/Laika_Studio_Animations,laika studio animations,
378,Lake Placid,/wiki/Lake_Placid,lake placid,
379,Las Vegas Bloodbath,/wiki/Las_Vegas_Bloodbath,las vegas bloodbath,
690,The Last House on the Left,/wiki/The_Last_House_on_the_Left,last house on left,
380,Last Words of Victims,/wiki/Last_Words_of_Victims,last words of victims,
691,The Lawnmower Man,/wiki/The_Lawnmower_Man,lawnmower man,
381,Lee Hardcastle Claymations,/wiki/Lee_Hardcastle_Claymations,lee hardcastle claymations,
382,Leprechaun,/wiki/Leprechaun,leprechaun,
384,Let’s Scare Jessica To Death,/wiki/Let%E2%80%99s_Scare_Jessica_To_Death,let s scare jessica to death,
383,Let Us Prey,/wiki/Let_Us_Prey,let us prey,
385,Light Blast,/wiki/Light_Blast,light blast,
692,The Lighthouse,/wiki/The_Lighthouse,lighthouse,
386,Lights Out,/wiki/Lights_Out,lights out,
387,List of deaths by decapitation,/wiki/List_of_deaths_by_decapitation,list of deaths by decapitation,
388,Little Monsters,/wiki/Little_Monsters,little monsters,
389,Little Shop of Horrors,/wiki/Little_Shop_of_Horrors,little shop of horrors,
390,Lone Wolf,/wiki/Lone_Wolf,lone wolf,
391,Look Away,/wiki/Look_Away,look away,
693,The Lost Boys,/wiki/The_Lost_Boys,lost boys,
392,Lumberjack Man,/wiki/Lumberjack_Man,lumberjack man,
393,Ma,/wiki/Ma,ma,
394,Ma (2019),/wiki/Ma_(2019),ma,2019
395,Magic,/wiki/Magic,magic,
396,Mandrake,/wiki/Mandrake,mandrake,
397,Mandy,/wiki/Mandy,mandy,
398,Maniac,/wiki/Maniac,maniac,
399,Maniac Cop,/wiki/Maniac_Cop,maniac cop,
400,Mansquito,/wiki/Mansquito,mansquito,
401,Mars Attacks!,/wiki/Mars_Attacks!,mars attacks,
402,Martin,/wiki/Martin,martin,
403,Massage Parlor of Death,/wiki/Massage_Parlor_of_Death,massage parlor of death,
404,Maximum Overdrive,/wiki/Maximum_Overdrive,maximum overdrive,
405,May,/wiki/May,may,
406,Mayhem,/wiki/Mayhem,mayhem,
694,The Meg,/wiki/The_Meg,meg,
407,Megalodon 2002,/wiki/Megalodon_2002,megalodon,2002
408,Metamorphosis The Alien Factor,/wiki/Metamorphosis_The_Alien_Factor,metamorphosis alien factor,
409,Michael Myers: The Blackest Eyes,/wiki/Michael_Myers:_The_Blackest_Eyes,michael myers blackest eyes,
410,Michael vs Jason: Evil Emerges,/wiki/Michael_vs_Jason:_Evil_Emerges,michael vs jason evil emerges,
411,Microwave Massacre,/wiki/Microwave_Massacre,microwave massacre,
412,Midsommar,/wiki/Midsommar,midsommar,
413,Mikey,/wiki/Mikey,mikey,
414,Million Dollar Crocodile,/wiki/Million_Dollar_Crocodile,million dollar crocodile,
415,Mindhunters,/wiki/Mindhunters,mindhunters,
416,Minotaur,/wiki/Minotaur,minotaur,
417,Mirrors,/wiki/Mirrors,mirrors,
418,Misery (1990),/wiki/Misery_(1990),misery,1990
695,The Mist,/wiki/The_Mist,mist,
419,Mom and Dad,/wiki/Mom_and_Dad,mom and dad,
420,Monster,/wiki/Monster,monster,
696,The Monster,/wiki/The_Monster,monster,
421,Monster House,/wiki/Monster_House,monster house,
422,Monster Makers,/wiki/Monster_Makers,monster makers,
697,The Monster Squad,/wiki/The_Monster_Squad,monster squad,
423,MonsterVerse,/wiki/MonsterVerse,monsterverse,
424,Mordeo,/wiki/Mordeo,mordeo,
425,Most Likely to Die,/wiki/Most_Likely_to_Die,most likely to die,
426,Motel Hell,/wiki/Motel_Hell,motel hell,
698,The Mother of Tears,/wiki/The_Mother_of_Tears,mother of tears,
427,Mother's Day,/wiki/Mother%27s_Day,mothers day,
428,Mothman,/wiki/Mothman,mothman,
429,Mountaintop Motel Massacre,/wiki/Mountaintop_Motel_Massacre,mountaintop motel massacre,
430,Ms .45,/wiki/Ms_.45,ms 45,
700,The Mummy (2017),/wiki/The_Mummy_(2017),mummy,2017
699,The Mummy,/wiki/The_Mummy,mummy,
701,The Mummy (Stephen Sommers),/wiki/The_Mummy_(Stephen_Sommers),mummy stephen sommers,
431,Murder Party,/wiki/Murder_Party,murder party,
432,Murderock,/wiki/Murderock,murderock,
433,Mutant Aliens,/wiki/Mutant_Aliens,mutant aliens,
702,The Mutilator,/wiki/The_Mutilator,mutilator,
434,My Bloody Valentine,/wiki/My_Bloody_Valentine,my bloody valentine,
435,My Little Eye,/wiki/My_Little_Eye,my little eye,
436,My Soul to Take,/wiki/My_Soul_to_Take,my soul to take,
437,Nail Gun Massacre,/wiki/Nail_Gun_Massacre,nail gun massacre,
438,Neighbor,/wiki/Neighbor,neighbor,
439,Neil Gorsuch's Little Judicary Shop of Horrors,/wiki/Neil_Gorsuch%27s_Little_Judicary_Shop_of_Horrors,neil gorsuchs little judicary shop of horrors,
440,Never Hike Alone,/wiki/Never_Hike_Alone,never hike alone,
441,New Year's Evil,/wiki/New_Year%27s_Evil,new years evil,
703,The New York Ripper,/wiki/The_New_York_Ripper,new york ripper,
442,Next of Kin,/wiki/Next_of_Kin,next of kin,
704,The Night Before Halloween,/wiki/The_Night_Before_Halloween,night before halloween,
705,The Night Brings Charlie,/wiki/The_Night_Brings_Charlie,night brings charlie,
706,The Night Evelyn Came Out of the Grave,/wiki/The_Night_Evelyn_Came_Out_of_the_Grave,night evelyn came out of grave,
443,Night of the Creeps,/wiki/Night_of_the_Creeps,night of creeps,
444,Night of the Demons,/wiki/Night_of_the_Demons,night of demons,
445,Night of the Lepus,/wiki/Night_of_the_Lepus,night of lepus,
446,Night of the Living Dead (1968),/wiki/Night_of_the_Living_Dead_(1968),night of living dead,1968
447,Nightmare,/wiki/Nightmare,nightmare,
448,Nobody Sleeps in the Woods Tonight,/wiki/Nobody_Sleeps_in_the_Woods_Tonight,nobody sleeps in woods tonight,
449,Noroi: The Curse,/wiki/Noroi:_The_Curse,noroi curse,
707,The Nun,/wiki/The_Nun,nun,
450,Nurse 3D,/wiki/Nurse_3D,nurse 3d,
451,Office,/wiki/Office,office,
452,Office Killer,/wiki/Office_Killer,office killer,
453,Ogre,/wiki/Ogre,ogre,
708,The Omen,/wiki/The_Omen,omen,
454,One Missed Call (American),/wiki/One_Missed_Call_(American),one missed call american,
455,One Missed Call Trilogy,/wiki/One_Missed_Call_Trilogy,one missed call trilogy,
456,Opera,/wiki/Opera,opera,
457,Orca: The Killer Whale,/wiki/Orca:_The_Killer_Whale,orca killer whale,
458,Orgasmo,/wiki/Orgasmo,orgasmo,
459,Orphan,/wiki/Orphan,orphan,
804,Otis,/wiki/Otis,otis,
460,Otis,/wiki/Otis,otis,
709,The Ouija Experiment,/wiki/The_Ouija_Experiment,ouija experiment,
805,Outside In,/wiki/Outside_In,outside in,
461,Outside In,/wiki/Outside_In,outside in,
806,Pacific Rim,/wiki/Pacific_Rim,pacific rim,
462,Pacific Rim,/wiki/Pacific_Rim,pacific rim,
463,Paganini Horror,/wiki/Paganini_Horror,paganini horror,
807,Paganini Horror,/wiki/Paganini_Horror,paganini horror,
464,Paranormal Activity,/wiki/Paranormal_Activity,paranormal activity,
808,Paranormal Activity,/wiki/Paranormal_Activity,paranormal activity,
465,Parasyte,/wiki/Parasyte,parasyte,
809,Parasyte,/wiki/Parasyte,parasyte,
810,Parents,/wiki/Parents,parents,
466,Parents,/wiki/Parents,parents,
467,Patrick,/wiki/Patrick,patrick,
811,Patrick,/wiki/Patrick,patrick,
812,Peeping Tom,/wiki/Peeping_Tom,peeping tom,
468,Peeping Tom,/wiki/Peeping_Tom,peeping tom,
813,Perfect Stranger,/wiki/Perfect_Stranger,perfect stranger,
469,Perfect Stranger,/wiki/Perfect_Stranger,perfect stranger,
814,Pet Semetary,/wiki/Pet_Semetary,pet semetary,
470,Pet Semetary,/wiki/Pet_Semetary,pet semetary,
815,Phantasm,/wiki/Phantasm,phantasm,
471,Phantasm,/wiki/Phantasm,phantasm,
816,Phantom of the Paradise,/wiki/Phantom_of_the_Paradise,phantom of paradise,
472,Phantom of the Paradise,/wiki/Phantom_of_the_Paradise,phantom of paradise,
817,Phantom Racer,/wiki/Phantom_Racer,phantom racer,
473,Phantom Racer,/wiki/Phantom_Racer,phantom racer,
474,Phase IV,/wiki/Phase_IV,phase iv,
818,Phase IV,/wiki/Phase_IV,phase iv,
819,Phenomena,/wiki/Phenomena,phenomena,
475,Phenomena,/wiki/Phenomena,phenomena,
820,Pieces,/wiki/Pieces,pieces,
476,Pieces,/wiki/Pieces,pieces,
477,Pilgrim,/wiki/Pilgrim,pilgrim,
821,Pilgrim,/wiki/Pilgrim,pilgrim,
822,Piranha Sharks,/wiki/Piranha_Sharks,piranha sharks,
478,Piranha Sharks,/wiki/Piranha_Sharks,piranha sharks,
823,Polaroid,/wiki/Polaroid,polaroid,
479,Polaroid,/wiki/Polaroid,polaroid,
480,Poltergeist,/wiki/Poltergeist,poltergeist,
824,Poltergeist,/wiki/Poltergeist,poltergeist,
825,Pool Party Massacre,/wiki/Pool_Party_Massacre,pool party massacre,
481,Pool Party Massacre,/wiki/Pool_Party_Massacre,pool party massacre,
826,Porno Holocaust,/wiki/Porno_Holocaust,porno holocaust,
482,Porno Holocaust,/wiki/Porno_Holocaust,porno holocaust,
710,The Possession of Hannah Grace,/wiki/The_Possession_of_Hannah_Grace,possession of hannah grace,
711,The Poughkeepsie Tapes (2007),/wiki/The_Poughkeepsie_Tapes_(2007),poughkeepsie tapes,2007
827,Poultrygeist: Night of the Chicken Dead,/wiki/Poultrygeist:_Night_of_the_Chicken_Dead,poultrygeist night of chicken dead,
483,Poultrygeist: Night of the Chicken Dead,/wiki/Poultrygeist:_Night_of_the_Chicken_Dead,poultrygeist night of chicken dead,
828,Predator,/wiki/Predator,predator,
484,Predator,/wiki/Predator,predator,
829,President's Day,/wiki/President%27s_Day,presidents day,
485,President's Day,/wiki/President%27s_Day,presidents day,
486,Prince of Darkness,/wiki/Prince_of_Darkness,prince of darkness,
830,Prince of Darkness,/wiki/Prince_of_Darkness,prince of darkness,
831,Prometheus,/wiki/Prometheus,prometheus,
487,Prometheus,/wiki/Prometheus,prometheus,
488,Prophecy,/wiki/Prophecy,prophecy,
832,Prophecy,/wiki/Prophecy,prophecy,
833,Proteus,/wiki/Proteus,proteus,
489,Proteus,/wiki/Proteus,proteus,
712,The Prowler,/wiki/The_Prowler,prowler,
490,Psycho,/wiki/Psycho,psycho,
834,Psycho,/wiki/Psycho,psycho,
835,Puppet Master,/wiki/Puppet_Master,puppet master,
491,Puppet Master,/wiki/Puppet_Master,puppet master,
713,The Purge,/wiki/The_Purge,purge,
492,Quarantine,/wiki/Quarantine,quarantine,
836,Quarantine,/wiki/Quarantine,quarantine,
714,The Quiet Room,/wiki/The_Quiet_Room,quiet room,
837,Rabid,/wiki/Rabid,rabid,
493,Rabid,/wiki/Rabid,rabid,
838,Rattlers,/wiki/Rattlers,rattlers,
494,Rattlers,/wiki/Rattlers,rattlers,
839,RawHead Rex,/wiki/RawHead_Rex,rawhead rex,
495,RawHead Rex,/wiki/RawHead_Rex,rawhead rex,
840,Razorback,/wiki/Razorback,razorback,
496,Razorback,/wiki/Razorback,razorback,
497,Re-Animator,/wiki/Re-Animator,re animator,
841,Re-Animator,/wiki/Re-Animator,re animator,
842,Ready or Not,/wiki/Ready_or_Not,ready or not,
498,Ready or Not,/wiki/Ready_or_Not,ready or not,
843,REC,/wiki/REC,rec,
499,REC,/wiki/REC,rec,
715,The Red Queen Kills 7 Times,/wiki/The_Red_Queen_Kills_7_Times,red queen kills 7 times,
716,The Refrigerator,/wiki/The_Refrigerator,refrigerator,
844,Reptilicus,/wiki/Reptilicus,reptilicus,
500,Reptilicus,/wiki/Reptilicus,reptilicus,
845,Reptisaurus,/wiki/Reptisaurus,reptisaurus,
501,Reptisaurus,/wiki/Reptisaurus,reptisaurus,
502,Repulsion,/wiki/Repulsion,repulsion,
846,Repulsion,/wiki/Repulsion,repulsion,
847,Resident Evil,/wiki/Resident_Evil,resident evil,
503,Resident Evil,/wiki/Resident_Evil,resident evil,
504,Return of the Living Dead,/wiki/Return_of_the_Living_Dead,return of living dead,
848,Return of the Living Dead,/wiki/Return_of_the_Living_Dead,return of living dead,
505,Richard III,/wiki/Richard_III,richard iii,
849,Richard III,/wiki/Richard_III,richard iii,
717,The Ring,/wiki/The_Ring,ring,
850,Ringu,/wiki/Ringu,ringu,
506,Ringu,/wiki/Ringu,ringu,
851,Rituals,/wiki/Rituals,rituals,
507,Rituals,/wiki/Rituals,rituals,
718,The Rocky Horror Picture Show,/wiki/The_Rocky_Horror_Picture_Show,rocky horror picture show,
719,The Rocky Horror Picture Show (2016),/wiki/The_Rocky_Horror_Picture_Show_(2016),rocky horror picture show,2016
852,Rogue,/wiki/Rogue,rogue,
508,Rogue,/wiki/Rogue,rogue,
509,Rosemary's Baby,/wiki/Rosemary%27s_Baby,rosemarys baby,
853,Rosemary's Baby,/wiki/Rosemary%27s_Baby,rosemarys baby,
854,Rottweiler,/wiki/Rottweiler,rottweiler,
510,Rottweiler,/wiki/Rottweiler,rottweiler,
511,Rubber,/wiki/Rubber,rubber,
855,Rubber,/wiki/Rubber,rubber,
720,The Ruins,/wiki/The_Ruins,ruins,
512,Sadako vs Kayako,/wiki/Sadako_vs_Kayako,sadako vs kayako,
856,Sadako vs Kayako,/wiki/Sadako_vs_Kayako,sadako vs kayako,
721,The Sand,/wiki/The_Sand,sand,
513,Sand Sharks,/wiki/Sand_Sharks,sand sharks,
857,Sand Sharks,/wiki/Sand_Sharks,sand sharks,
858,Santa Jaws,/wiki/Santa_Jaws,santa jaws,
514,Santa Jaws,/wiki/Santa_Jaws,santa jaws,
859,Santa Sangre,/wiki/Santa_Sangre,santa sangre,
515,Santa Sangre,/wiki/Santa_Sangre,santa sangre,
860,Santa's Slay,/wiki/Santa%27s_Slay,santas slay,
516,Santa's Slay,/wiki/Santa%27s_Slay,santas slay,
861,Sasquatch Hunters,/wiki/Sasquatch_Hunters,sasquatch hunters,
517,Sasquatch Hunters,/wiki/Sasquatch_Hunters,sasquatch hunters,
862,Satan's Little Helper,/wiki/Satan%27s_Little_Helper,satans little helper,
518,Satan's Little Helper,/wiki/Satan%27s_Little_Helper,satans little helper,
519,Saturday the 14th,/wiki/Saturday_the_14th,saturday 14th,
863,Saturday the 14th,/wiki/Saturday_the_14th,saturday 14th,
864,Sausage Party,/wiki/Sausage_Party,sausage party,
520,Sausage Party,/wiki/Sausage_Party,sausage party,
865,Saw,/wiki/Saw,saw,
521,Saw,/wiki/Saw,saw,
522,Scanners,/wiki/Scanners,scanners,
866,Scanners,/wiki/Scanners,scanners,
523,Scarecrows,/wiki/Scarecrows,scarecrows,
867,Scarecrows,/wiki/Scarecrows,scarecrows,
868,Scared Stiff,/wiki/Scared_Stiff,scared stiff,
524,Scared Stiff,/wiki/Scared_Stiff,scared stiff,
869,Scary Movie (Film Series),/wiki/Scary_Movie_(Film_Series),scary movie film series,
525,Scary Movie (Film Series),/wiki/Scary_Movie_(Film_Series),scary movie film series,
870,Scary Stories To Tell In The Dark,/wiki/Scary_Stories_To_Tell_In_The_Dark,scary stories to tell in dark,
526,Scary Stories To Tell In The Dark,/wiki/Scary_Stories_To_Tell_In_The_Dark,scary stories to tell in dark,
871,Schizo,/wiki/Schizo,schizo,
527,Schizo,/wiki/Schizo,schizo,
528,Scooby Doo,/wiki/Scooby_Doo,scooby doo,
872,Scooby Doo,/wiki/Scooby_Doo,scooby doo,
873,Scooby Doo 2: Monsters Unleashed,/wiki/Scooby_Doo_2:_Monsters_Unleashed,scooby doo 2 monsters unleashed,
529,Scooby Doo 2: Monsters Unleashed,/wiki/Scooby_Doo_2:_Monsters_Unleashed,scooby doo 2 monsters unleashed,
530,Scout's Guide to the Zombie Apocalypse,/wiki/Scout%27s_Guide_to_the_Zombie_Apocalypse,scouts guide to zombie apocalypse,
874,Scout's Guide to the Zombie Apocalypse,/wiki/Scout%27s_Guide_to_the_Zombie_Apocalypse,scouts guide to zombie apocalypse,
875,Scream (Film Series),/wiki/Scream_(Film_Series),scream film series,
531,Scream (Film Series),/wiki/Scream_(Film_Series),scream film series,
876,Scream (TV series),/wiki/Scream_(TV_series),scream tv series,
532,Scream (TV series),/wiki/Scream_(TV_series),scream tv series,
877,Se7en,/wiki/Se7en,se7en,
533,Se7en,/wiki/Se7en,se7en,
534,Secret Window,/wiki/Secret_Window,secret window,
878,Secret Window,/wiki/Secret_Window,secret window,
879,See No Evil,/wiki/See_No_Evil,see no evil,
535,See No Evil,/wiki/See_No_Evil,see no evil,
536,Serial Killing 101,/wiki/Serial_Killing_101,serial killing 101,
880,Serial Killing 101,/wiki/Serial_Killing_101,serial killing 101,
881,Serial Mom,/wiki/Serial_Mom,serial mom,
537,Serial Mom,/wiki/Serial_Mom,serial mom,
722,The Serpent and the Rainbow,/wiki/The_Serpent_and_the_Rainbow,serpent and rainbow,
538,Seven Psychopaths,/wiki/Seven_Psychopaths,seven psychopaths,
882,Seven Psychopaths,/wiki/Seven_Psychopaths,seven psychopaths,
883,Shadows of the Dead,/wiki/Shadows_of_the_Dead,shadows of dead,
539,Shadows of the Dead,/wiki/Shadows_of_the_Dead,shadows of dead,
884,Shapeshifter,/wiki/Shapeshifter,shapeshifter,
540,Shapeshifter,/wiki/Shapeshifter,shapeshifter,
885,Shark Hunter,/wiki/Shark_Hunter,shark hunter,
541,Shark Hunter,/wiki/Shark_Hunter,shark hunter,
886,Shark Lake,/wiki/Shark_Lake,shark lake,
542,Shark Lake,/wiki/Shark_Lake,shark lake,
543,Shark Movies,/wiki/Shark_Movies,shark movies,
887,Shark Movies,/wiki/Shark_Movies,shark movies,
888,Shark Night,/wiki/Shark_Night,shark night,
544,Shark Night,/wiki/Shark_Night,shark night,
889,Sharknado,/wiki/Sharknado,sharknado,
545,Sharknado,/wiki/Sharknado,sharknado,
890,Sharktopus,/wiki/Sharktopus,sharktopus,
546,Sharktopus,/wiki/Sharktopus,sharktopus,
891,Shaun of the Dead,/wiki/Shaun_of_the_Dead,shaun of dead,
547,Shaun of the Dead,/wiki/Shaun_of_the_Dead,shaun of dead,
723,The She-Creature,/wiki/The_She-Creature,she creature,
724,The Shining (1980),/wiki/The_Shining_(1980),shining,1980
892,Shion Sonozaki's Unquenchable Blood Lust,/wiki/Shion_Sonozaki%27s_Unquenchable_Blood_Lust,shion sonozakis unquenchable blood lust,
548,Shion Sonozaki's Unquenchable Blood Lust,/wiki/Shion_Sonozaki%27s_Unquenchable_Blood_Lust,shion sonozakis unquenchable blood lust,
893,Shirley,/wiki/Shirley,shirley,
549,Shirley,/wiki/Shirley,shirley,
894,Shock Waves,/wiki/Shock_Waves,shock waves,
550,Shock Waves,/wiki/Shock_Waves,shock waves,
895,Shocker,/wiki/Shocker,shocker,
551,Shocker,/wiki/Shocker,shocker,
552,Shredder,/wiki/Shredder,shredder,
896,Shredder,/wiki/Shredder,shredder,
553,Shriek If You Know What I Did Last Friday the 13th,/wiki/Shriek_If_You_Know_What_I_Did_Last_Friday_the_13th,shriek if you know what i did last friday 13th,
897,Shriek If You Know What I Did Last Friday the 13th,/wiki/Shriek_If_You_Know_What_I_Did_Last_Friday_the_13th,shriek if you know what i did last friday 13th,
554,Silent Hill,/wiki/Silent_Hill,silent hill,
898,Silent Hill,/wiki/Silent_Hill,silent hill,
555,Silent Hill (films),/wiki/Silent_Hill_(films),silent hill films,
899,Silent Hill (films),/wiki/Silent_Hill_(films),silent hill films,
900,Silent Night,/wiki/Silent_Night,silent night,
556,Silent Night,/wiki/Silent_Night,silent night,
557,"Silent Night, Bloody Night","/wiki/Silent_Night,_Bloody_Night",silent night bloody night,
901,"Silent Night, Bloody Night","/wiki/Silent_Night,_Bloody_Night",silent night bloody night,
558,"Silent Night, Deadly Night","/wiki/Silent_Night,_Deadly_Night",silent night deadly night,
902,"Silent Night, Deadly Night","/wiki/Silent_Night,_Deadly_Night",silent night deadly night,
903,Silver Bullet,/wiki/Silver_Bullet,silver bullet,
559,Silver Bullet,/wiki/Silver_Bullet,silver bullet,
904,Sinister,/wiki/Sinister,sinister,
560,Sinister,/wiki/Sinister,sinister,
725,The Sixth Sense (1999),/wiki/The_Sixth_Sense_(1999),sixth sense,1999
905,Skeleton Man,/wiki/Skeleton_Man,skeleton man,
561,Skeleton Man,/wiki/Skeleton_Man,skeleton man,
562,Slaughter High,/wiki/Slaughter_High,slaughter high,
906,Slaughter High,/wiki/Slaughter_High,slaughter high,
563,Sleepaway Camp,/wiki/Sleepaway_Camp,sleepaway camp,
907,Sleepaway Camp,/wiki/Sleepaway_Camp,sleepaway camp,
908,Slender Man (film),/wiki/Slender_Man_(film),slender man film,
564,Slender Man (film),/wiki/Slender_Man_(film),slender man film,
565,Slime City,/wiki/Slime_City,slime city,
909,Slime City,/wiki/Slime_City,slime city,
910,Slither,/wiki/Slither,slither,
566,Slither,/wiki/Slither,slither,
567,Slumber Party Massacre,/wiki/Slumber_Party_Massacre,slumber party massacre,
911,Slumber Party Massacre,/wiki/Slumber_Party_Massacre,slumber party massacre,
726,The Slumber Party Massacre,/wiki/The_Slumber_Party_Massacre,slumber party massacre,
912,Small Soldiers,/wiki/Small_Soldiers,small soldiers,
568,Small Soldiers,/wiki/Small_Soldiers,small soldiers,
913,Smiley,/wiki/Smiley,smiley,
569,Smiley,/wiki/Smiley,smiley,
914,Snakes on a Train,/wiki/Snakes_on_a_Train,snakes on a train,
570,Snakes on a Train,/wiki/Snakes_on_a_Train,snakes on a train,
915,Snatchers,/wiki/Snatchers,snatchers,
571,Snatchers,/wiki/Snatchers,snatchers,
727,The Snowman,/wiki/The_Snowman,snowman,
572,Society,/wiki/Society,society,
916,Society,/wiki/Society,society,
917,Some Guy Who Kills People,/wiki/Some_Guy_Who_Kills_People,some guy who kills people,
573,Some Guy Who Kills People,/wiki/Some_Guy_Who_Kills_People,some guy who kills people,
574,Somebody Help Me,/wiki/Somebody_Help_Me,somebody help me,
918,Somebody Help Me,/wiki/Somebody_Help_Me,somebody help me,
919,Sorority House Massacre,/wiki/Sorority_House_Massacre,sorority house massacre,
575,Sorority House Massacre,/wiki/Sorority_House_Massacre,sorority house massacre,
920,Sorority Party Massacre,/wiki/Sorority_Party_Massacre,sorority party massacre,
576,Sorority Party Massacre,/wiki/Sorority_Party_Massacre,sorority party massacre,
577,Sorority Row,/wiki/Sorority_Row,sorority row,
921,Sorority Row,/wiki/Sorority_Row,sorority row,
922,Species,/wiki/Species,species,
578,Species,/wiki/Species,species,
728,The Spiral Staircase,/wiki/The_Spiral_Staircase,spiral staircase,
923,Splinter,/wiki/Splinter,splinter,
579,Splinter,/wiki/Splinter,splinter,
924,Spooky Buddies,/wiki/Spooky_Buddies,spooky buddies,
580,Spooky Buddies,/wiki/Spooky_Buddies,spooky buddies,
925,Squidbillies,/wiki/Squidbillies,squidbillies,
581,Squidbillies,/wiki/Squidbillies,squidbillies,
926,Sssssss,/wiki/Sssssss,sssssss,
582,Sssssss,/wiki/Sssssss,sssssss,
927,Stage Fright,/wiki/Stage_Fright,stage fright,
583,Stage Fright,/wiki/Stage_Fright,stage fright,
928,Stan Helsing,/wiki/Stan_Helsing,stan helsing,
584,Stan Helsing,/wiki/Stan_Helsing,stan helsing,
929,Stay Alive,/wiki/Stay_Alive,stay alive,
585,Stay Alive,/wiki/Stay_Alive,stay alive,
729,The Stepfather,/wiki/The_Stepfather,stepfather,
930,Stereo,/wiki/Stereo,stereo,
586,Stereo,/wiki/Stereo,stereo,
931,Stitches,/wiki/Stitches,stitches,
587,Stitches,/wiki/Stitches,stitches,
932,Stoker,/wiki/Stoker,stoker,
588,Stoker,/wiki/Stoker,stoker,
589,Stranger Things,/wiki/Stranger_Things,stranger things,
933,Stranger Things,/wiki/Stranger_Things,stranger things,
730,The Strangers,/wiki/The_Strangers,strangers,
731,The Strangers: Prey at Night,/wiki/The_Strangers:_Prey_at_Night,strangers prey at night,
590,Straw Dogs,/wiki/Straw_Dogs,straw dogs,
934,Straw Dogs,/wiki/Straw_Dogs,straw dogs,
591,Street Trash,/wiki/Street_Trash,street trash,
935,Street Trash,/wiki/Street_Trash,street trash,
936,Stroker,/wiki/Stroker,stroker,
592,Stroker,/wiki/Stroker,stroker,
593,Student Bodies,/wiki/Student_Bodies,student bodies,
937,Student Bodies,/wiki/Student_Bodies,student bodies,
732,The Stuff,/wiki/The_Stuff,stuff,
938,Suburban Sasquatch,/wiki/Suburban_Sasquatch,suburban sasquatch,
594,Suburban Sasquatch,/wiki/Suburban_Sasquatch,suburban sasquatch,
939,Sunny Family Cult,/wiki/Sunny_Family_Cult,sunny family cult,
595,Sunny Family Cult,/wiki/Sunny_Family_Cult,sunny family cult,
940,Super 8,/wiki/Super_8,super 8,
596,Super 8,/wiki/Super_8,super 8,
941,Super Shark,/wiki/Super_Shark,super shark,
597,Super Shark,/wiki/Super_Shark,super shark,
942,Suspiria,/wiki/Suspiria,suspiria,
598,Suspiria,/wiki/Suspiria,suspiria,
943,Swamp Ape,/wiki/Swamp_Ape,swamp ape,
599,Swamp Ape,/wiki/Swamp_Ape,swamp ape,
944,Swamp Shark,/wiki/Swamp_Shark,swamp shark,
600,Swamp Shark,/wiki/Swamp_Shark,swamp shark,
601,Sweeney Todd: The Demon Barber of Fleet Street,/wiki/Sweeney_Todd:_The_Demon_Barber_of_Fleet_Street,sweeney todd demon barber of fleet street,
945,Sweeney Todd: The Demon Barber of Fleet Street,/wiki/Sweeney_Todd:_The_Demon_Barber_of_Fleet_Street,sweeney todd demon barber of fleet street,
946,Takena Claymotions,/wiki/Takena_Claymotions,takena claymotions,
602,Takena Claymotions,/wiki/Takena_Claymotions,takena claymotions,
947,Tales From the Cryptkeeper,/wiki/Tales_From_the_Cryptkeeper,tales from cryptkeeper,
603,Tales From the Cryptkeeper,/wiki/Tales_From_the_Cryptkeeper,tales from cryptkeeper,
948,Tales from the Hood,/wiki/Tales_from_the_Hood,tales from hood,
604,Tales from the Hood,/wiki/Tales_from_the_Hood,tales from hood,
949,Tales of Halloween,/wiki/Tales_of_Halloween,tales of halloween,
605,Tales of Halloween,/wiki/Tales_of_Halloween,tales of halloween,
606,Tasmanian Devils 2013,/wiki/Tasmanian_Devils_2013,tasmanian devils,2013
950,Tasmanian Devils 2013,/wiki/Tasmanian_Devils_2013,tasmanian devils,2013
607,Tell Me How I Die,/wiki/Tell_Me_How_I_Die,tell me how i die,
951,Tell Me How I Die,/wiki/Tell_Me_How_I_Die,tell me how i die,
733,The Tenant,/wiki/The_Tenant,tenant,
608,Tenebrae,/wiki/Tenebrae,tenebrae,
952,Tenebrae,/wiki/Tenebrae,tenebrae,
609,Terrifier,/wiki/Terrifier,terrifier,
953,Terrifier,/wiki/Terrifier,terrifier,
610,Terror Toons,/wiki/Terror_Toons,terror toons,
954,Terror Toons,/wiki/Terror_Toons,terror toons,
611,Terror Train,/wiki/Terror_Train,terror train,
955,Terror Train,/wiki/Terror_Train,terror train,
612,TerrorVision,/wiki/TerrorVision,terrorvision,
956,TerrorVision,/wiki/TerrorVision,terrorvision,
957,Tetsuo: The Iron Man,/wiki/Tetsuo:_The_Iron_Man,tetsuo iron man,
613,Tetsuo: The Iron Man,/wiki/Tetsuo:_The_Iron_Man,tetsuo iron man,
734,The Texas Chainsaw Massacre,/wiki/The_Texas_Chainsaw_Massacre,texas chainsaw massacre,
958,ThanksKilling,/wiki/ThanksKilling,thankskilling,
614,ThanksKilling,/wiki/ThanksKilling,thankskilling,
749,They Live,/wiki/They_Live,they live,
735,The Thing,/wiki/The_Thing,thing,
736,The Thing (1982),/wiki/The_Thing_(1982),thing,1982
750,Thirst 2015,/wiki/Thirst_2015,thirst,2015
751,This is the End,/wiki/This_is_the_End,this is end,
752,Thomas the Tank Engine Shed 17,/wiki/Thomas_the_Tank_Engine_Shed_17,thomas tank engine shed 17,
737,The Three Mothers Trilogy (Dario Argento),/wiki/The_Three_Mothers_Trilogy_(Dario_Argento),three mothers trilogy dario argento,
753,Tokyo Gore Police,/wiki/Tokyo_Gore_Police,tokyo gore police,
754,Too Many Cooks,/wiki/Too_Many_Cooks,too many cooks,
755,Torso,/wiki/Torso,torso,
756,Tourist Trap,/wiki/Tourist_Trap,tourist trap,
738,The Town That Dreaded Sundown (1976),/wiki/The_Town_That_Dreaded_Sundown_(1976),town that dreaded sundown,1976
739,The Toxic Avenger,/wiki/The_Toxic_Avenger,toxic avenger,
757,Toy Story of Terror,/wiki/Toy_Story_of_Terror,toy story of terror,
758,Train to Busan,/wiki/Train_to_Busan,train to busan,
759,Treevenge,/wiki/Treevenge,treevenge,
760,Tremors,/wiki/Tremors,tremors,
761,Triassic Attack,/wiki/Triassic_Attack,triassic attack,
762,Triassic World,/wiki/Triassic_World,triassic world,
763,Trick r' Treat,/wiki/Trick_r%27_Treat,trick r treat,
764,Trog 1970,/wiki/Trog_1970,trog,1970
765,Trucks,/wiki/Trucks,trucks,
766,Truth or Dare,/wiki/Truth_or_Dare,truth or dare,
767,Tucker and Dale vs Evil,/wiki/Tucker_and_Dale_vs_Evil,tucker and dale vs evil,
768,Two Thousand Maniacs,/wiki/Two_Thousand_Maniacs,two thousand maniacs,
769,Uglyface,/wiki/Uglyface,uglyface,
770,Uncharted,/wiki/Uncharted,uncharted,
771,Uncle Sam,/wiki/Uncle_Sam,uncle sam,
772,Underworld,/wiki/Underworld,underworld,
773,Unearthed,/wiki/Unearthed,unearthed,
774,Unfriended,/wiki/Unfriended,unfriended,
775,Unhinged,/wiki/Unhinged,unhinged,
776,Unmasked Part 25,/wiki/Unmasked_Part_25,unmasked part 25,
777,Unnatural,/wiki/Unnatural,unnatural,
778,Upgrade,/wiki/Upgrade,upgrade,
779,Urban Legend,/wiki/Urban_Legend,urban legend,
780,Us,/wiki/Us,us,
781,V/H/S,/wiki/V/H/S,v h s,
782,Valentine,/wiki/Valentine,valentine,
783,Vampire Girl vs Frankenstein Girl,/wiki/Vampire_Girl_vs_Frankenstein_Girl,vampire girl vs frankenstein girl,
784,Vampires vs. Zombies,/wiki/Vampires_vs._Zombies,vampires vs zombies,
785,Van Helsing,/wiki/Van_Helsing,van helsing,
786,Velvet Buzzsaw,/wiki/Velvet_Buzzsaw,velvet buzzsaw,
740,The Video Dead,/wiki/The_Video_Dead,video dead,
787,Videodrome,/wiki/Videodrome,videodrome,
788,Vile,/wiki/Vile,vile,
789,Village of the Damned,/wiki/Village_of_the_Damned,village of damned,
741,The Visit,/wiki/The_Visit,visit,
790,Visiting Hours,/wiki/Visiting_Hours,visiting hours,
791,Viy,/wiki/Viy,viy,
742,The Void,/wiki/The_Void,void,
743,The Walking Dead,/wiki/The_Walking_Dead,walking dead,
744,The Walking Dead: Webisodes,/wiki/The_Walking_Dead:_Webisodes,walking dead webisodes,
745,The Walking Dead: World Beyond,/wiki/The_Walking_Dead:_World_Beyond,walking dead world beyond,
746,The Witch,/wiki/The_Witch,witch,
747,The World's End,/wiki/The_World%27s_End,worlds end,
792,Xtro,/wiki/Xtro,xtro,
793,You're Next,/wiki/You%27re_Next,youre next,
748,The Zero Boys,/wiki/The_Zero_Boys,zero boys,
794,Zodiac,/wiki/Zodiac,zodiac,
795,Zombeavers,/wiki/Zombeavers,zombeavers,
796,Zombie,/wiki/Zombie,zombie,
797,Zombie in a Penguin Suit,/wiki/Zombie_in_a_Penguin_Suit,zombie in a penguin suit,
798,Zombie Movies,/wiki/Zombie_Movies,zombie movies,
799,Zombie Shark,/wiki/Zombie_Shark,zombie shark,
800,Zombie Tidal Wave,/wiki/Zombie_Tidal_Wave,zombie tidal wave,
801,Zombieland,/wiki/Zombieland,zombieland,
802,Zombies of Mass Destruction,/wiki/Zombies_of_Mass_Destruction,zombies of mass destruction,
803,Zoombies,/wiki/Zoombies,zoombies,
